fips,sld_dt,republican_percentage,is_brand,dspns_qty_sum,dspns_qty_mean,dspns_qty_count,rx_prc_amt_sum,rx_prc_amt_mean,rx_prc_amt_median,transaction_count,loc_id_nunique,drug_ANDROGENS_ANABOLIC_sum,drug_ESTROGENS_sum,drug_PROGESTINS_sum,drug_CONTRACEPTIVES_sum,insurance_coverage_mean,patient_coverage_mean,year,healthrisk_impact,republican_percentage_std,republicanStd_x_healthrisk,brand_healthrisk,republicanStd_x_brand,republicanStd_x_brand_x_healthrisk,avg_prc,county_name,state_name,state_abbr,total_county_population,edu_less_than_hs,edu_hs_graduate,edu_some_college,edu_bachelors,edu_graduate,edu_bachelor_above,male_percentage,female_percentage,over_65_percentage,income_low_percentage,income_lower_middle_percentage,income_middle_percentage,income_upper_middle_percentage,income_high_percentage,household_median,race_white,race_black,race_native,race_asian,race_pacific,race_other,race_two_or_more,unemployment_rate,employment_rate,urban_rural_value_lessBetter,metro_indicator,cases,deaths,week,month,weekday,pharmacy_density
1166,2019-05-04,69.41833867688243,1,1059.807071194354,40.761810430552075,26,337.889075271774,12.995733664299001,10.501359701557273,26,13,5,2,3,2,0.4607696052395662,0.5170194868494292,2019,0,1.0003314753793022,0.0,0,1.0003314753793022,0.0,5.926087797316029,County_116,Alabama,AL,81022,21.95869776811224,29.643008782327854,23.28814817324728,18.13334738078114,14.463571452231726,31.93076327389063,47.36788590335998,54.9093153240418,9.007043318304234,18.974282398251972,20.83469603447645,37.7873905991712,5.827995929662157,17.61818579462384,63990,81.89037883251909,18.55521670478069,1.7464798727077617,1.1293708688158037,0.26679055523016404,2.807051635228964,7.863343474648255,6.589892510147407,27.296929303763356,6,1,0,0,16,5,6,0.26407901637689074
45040,2020-06-21,83.02784982426772,1,1340.6618574218805,43.24715669102841,31,1720.4631988928681,55.49881286751187,49.23702953218877,31,8,0,1,5,1,0.7115580415967778,0.7417164105197349,2020,1,1.6376072297789894,1.6376072297789894,1,1.6376072297789894,1.6376072297789894,12.653451354986462,County_122,South Carolina,SC,1147332,26.40131025282085,27.01384674387963,28.611725119732125,8.118645572067344,19.85069959752744,37.53330569269723,47.96481028852835,54.86389321929856,10.862103718253309,26.12191719693653,23.640170266238567,29.3340206585842,12.642380313167532,4.079385804853644,67272,60.020132604608406,18.72659690430168,1.3870108487121213,3.780373272734123,0.2286219063090528,7.822790780135732,8.801812469305197,4.049351433862519,45.02512923753399,7,1,220,12,18,4,3,0.8546352466291589
37161,2019-05-16,50.051883034163964,1,327.21469100042435,36.35718788893604,9,107.27331788065408,11.919257542294897,11.41711932550654,9,15,1,2,1,1,0.15045401155747407,0.7311359766527954,2019,0,0.09348239784041996,0.0,0,0.09348239784041996,0.0,5.463282890668897,County_149,North Carolina,NC,1088909,9.36802206302465,48.2539469562298,15.882090217201071,11.980555330696646,20.21786080783502,15.226441151059804,46.26001947463126,48.37482523907231,5.842957349033375,13.721052982699058,24.35225790383074,23.48456726602783,19.181357182928377,15.6223238602213,38001,78.78397083535546,10.904418205315483,0.07989293123525298,4.747244631604182,0.2094570734153148,7.220935898728,6.697239380618559,4.508153054073681,23.555952785840436,2,0,0,0,17,4,6,0.02176603765136573
21002,2020-06-02,25.072825178587554,0,100.31231394929756,11.145812661033062,9,662.4379286799136,73.60421429776818,86.76984292433235,9,15,4,1,3,0,0.047374020005481854,0.7829601300260849,2020,1,-1.0761810652123451,-1.0761810652123451,0,-0.0,-0.0,8.153336861713289,County_51,Kentucky,KY,1676908,8.818457105356512,35.61327258891816,25.15799833805921,21.28937278063892,17.933304012248634,42.778427981379544,46.68154882141938,49.946380943705435,12.877240318793804,23.709653616518153,34.347058136729075,30.992146795405887,15.64342344966594,7.099973715653276,70830,45.16623837775106,62.10001242442788,0.05658461127622916,3.248106420975005,0.08358181579003528,4.964288101776358,2.0375798328482855,2.3973136099141237,35.07708704290836,9,1,184,8,22,4,0,0.19657583060751493
21159,2020-05-11,15.975540139574107,1,41.630694486010995,5.947242069430142,7,852.5693496314975,121.79562137592822,144.8399201427229,7,9,2,0,2,0,0.13820537163853075,0.5699338186415264,2020,1,-1.5021683856562622,-1.5021683856562622,1,-1.5021683856562622,-1.5021683856562622,7.447077582046566,County_62,Kentucky,KY,2371106,27.38082531413394,43.410492825120656,26.489519667612186,21.839895051177017,11.48816212592565,40.18888768203441,45.99826347858784,53.03958761182248,4.900207688218508,38.90316557750372,20.94750135160806,24.025020673983363,15.963433909858127,18.882380875140626,44902,60.1154050463948,17.07422536920472,1.1173485929501121,1.1693977289317916,0.21268335570648536,6.9569085815986496,8.352966822555839,0.9158215256537766,31.90778165148003,3,1,190,9,16,4,0,0.8003997430934667
45157,2019-04-25,31.075922099919868,1,871.531509641999,31.12612534435711,28,1439.4871723957656,51.41025615699163,36.07764963104525,28,11,3,1,3,1,0.9188231935306829,0.10461509680477521,2019,0,-0.7950814667149013,-0.0,0,-0.7950814667149013,-0.0,13.234423629439314,County_125,South Carolina,SC,2519503,26.401239858702464,21.79160058438964,19.715180862809706,15.173272910653292,4.082503008266037,40.08684940838216,58.85752296886823,54.06106841834907,12.757369204525505,26.07238980892815,34.66234883175798,34.0243129644703,9.213076516103769,21.031139607701185,58861,40.231297474839636,36.725675397467036,0.5650688025734221,1.7844216180904788,0.2844443053544502,1.7544237893694175,4.225420150944789,5.293492893746801,50.141482507448515,9,0,0,0,22,6,6,0.3409179536807796
1156,2019-06-09,24.22755524505647,0,21.53666381416121,21.53666381416121,1,23.488278740821357,23.488278740821357,23.808364042822706,1,4,2,3,1,0,0.009259781821123414,0.90397329087804,2019,0,-1.1157614754657939,-0.0,0,-0.0,-0.0,33.61255964934489,County_13,Alabama,AL,789128,19.01248592286886,49.273560892614924,18.071720391940655,9.40207687453921,2.80820833108261,15.87878472516935,46.03680756716703,43.85404878261362,14.187741071498248,40.134054554069834,24.371361225882683,30.122831959388446,11.697196661783268,15.649494269569388,67197,84.6793732909066,71.35194593815652,1.1934527008638576,5.99531025785514,0.027467950311170674,7.406611381421506,0.6364301610538605,1.1616089268686134,57.97897546505791,5,0,0,0,18,6,4,0.15068299985961367
37133,2020-06-27,62.43610715290002,1,1198.5477208019522,41.329231751791454,29,1655.8247882603036,57.09740649173461,58.52418369518682,29,13,1,2,3,1,0.18832197481135182,0.8655725393210282,2020,1,0.6733831512512869,0.6733831512512869,1,0.6733831512512869,0.6733831512512869,62.90415362402897,County_64,North Carolina,NC,2648408,26.299196861643487,32.95374459379472,19.14643466627063,23.213389826354938,11.805412349017029,8.970903557352251,46.85558913331979,48.399584205194344,9.669624130773858,18.76506911712199,22.21176985526769,33.574901894036586,10.865297015984808,15.601340024289325,63405,82.1455303100838,1.8620039654650928,0.8692083513619306,0.3378498505460632,0.09784879260106981,2.9767176471471326,3.446180515593868,1.0561246666195554,23.69323886340473,9,1,207,5,23,5,1,0.18756800095569193
12094,2019-04-24,23.52827532399718,1,1175.4676750440044,48.97781979350019,24,548.7517556202579,22.864656484177413,16.978036415788516,24,11,0,1,1,4,0.03128351290164455,0.798097435818333,2019,0,-1.1485057918783073,-0.0,0,-1.1485057918783073,-0.0,11.050836279269403,County_143,Florida,FL,1711858,7.411658013036864,32.78485059320195,22.571103717393655,7.728445165156014,12.139133403925046,40.82951803982076,56.58156433827031,52.659718765261175,10.117964392684591,26.136357191118115,26.055265085373215,35.909789230056376,13.343091362527908,9.787603193848723,48802,87.44402778340307,40.51051242626638,1.8466251246205092,4.991148341241606,0.07040167963847824,3.0011957434410306,3.9713058184802676,2.5229502098274548,60.963333202303055,9,0,0,0,21,4,6,0.5312256455341334
1141,2019-06-10,50.44309521344431,1,759.1984596413297,33.00862868005781,23,2340.5723360191246,101.76401460952715,59.70584721003657,23,14,1,0,5,0,0.11062946756220327,0.09986247716072949,2019,0,0.11180120694247399,0.0,0,0.11180120694247399,0.0,15.901460364720375,County_195,Alabama,AL,197333,15.256519466407614,49.010080770555085,17.12982328470937,29.226751372223546,10.443566563327959,18.92620892080413,53.1233630344012,45.244829072884286,7.746571275064939,36.78592375427976,24.19035229998247,32.063168274604436,12.39564688229869,12.263750486710116,52595,85.79095774202538,37.37252203205115,0.5756180299227358,6.995791251950235,0.11797504032020001,1.7839792843816302,3.3795781197900805,0.5810267889462334,61.45608166286641,7,1,0,0,26,5,0,0.8463353478156428
28056,2020-04-23,63.59837049500205,1,1734.4639539425752,51.01364570419339,34,125.04494385982991,3.677792466465586,1.944312328677233,34,5,1,3,2,1,0.6201492866282963,0.2043973670814292,2020,1,0.7278070199801409,0.7278070199801409,1,0.7278070199801409,0.7278070199801409,1.655124343546073,County_104,Mississippi,MS,2534421,24.182736458765696,28.94490028138293,35.8410355060513,8.261300213021347,13.57926335018161,31.13773886576751,55.84184086397065,47.157326594726534,15.633503004707052,24.447570636612312,20.662190887213214,31.799029268050905,10.23037363003183,21.874492137752945,56778,91.29294955798615,58.328763725120986,1.358290736877787,0.15163267313668966,0.2226997964561839,3.656148485397811,9.024636608469649,3.321231502416054,37.08664649153707,9,1,172,10,20,6,4,0.07158006505533948
47156,2020-06-04,55.67816264546317,0,914.6527635868833,35.17895244564936,26,575.5739381506767,22.13745915964141,23.114610796914285,26,12,2,1,3,0,0.24163890873908578,0.7436003651076519,2020,1,0.35693723798309007,0.35693723798309007,0,0.0,0.0,6.591363522057563,County_80,Tennessee,TN,381213,11.693750942423048,29.51585083486976,23.909869352907982,6.004746159310573,13.267172714436327,36.638708464328474,53.83276810881717,54.79869542116811,12.797493694714543,19.38462120710569,26.058945145513473,34.0731247270341,9.887689797938721,18.6363676122446,34145,42.29852751933904,26.224989308247164,0.10810862323719839,1.2112152114575856,0.14227277442761596,3.643761663424609,8.479227174737948,5.099925915520498,51.973191100605135,6,1,187,7,18,4,1,0.03145042821552475
37111,2019-06-11,28.984295616204033,1,1563.315604616219,43.42543346156164,36,109.3489936767595,3.037472046576653,2.5599505171775854,36,8,0,3,2,1,0.5692120504306768,0.023140094581946435,2019,0,-0.8930234743959387,-0.0,0,-0.8930234743959387,-0.0,25.087665332844818,County_88,North Carolina,NC,1593322,24.560551775272373,35.88159189536785,32.79733125514848,16.934135666230606,18.813954300137514,12.003437081933686,57.350450984605274,54.79065375409219,8.42786263960414,36.664260902536455,18.33963812773429,35.47928002324268,9.013646266481954,13.95433417300439,69754,89.43222748328614,30.13423648183195,1.9117210683778507,4.751595676162628,0.17121918183607387,4.995969128724962,7.803296319332736,5.708768054242603,39.92281249006213,8,0,0,0,22,5,0,0.4657029677010063
45092,2019-05-11,71.28871683275838,0,695.2801624092667,18.29684637919123,38,209.24653779575218,5.5064878367303205,6.552049387518226,38,3,2,3,2,0,0.5901953827661262,0.9792246337072796,2019,0,1.0879133611201097,0.0,0,0.0,0.0,22.77718164877012,County_137,South Carolina,SC,2137085,18.10864371416116,20.353788758624756,36.43717670839463,17.547388747071434,4.618813513614117,37.45269582624287,53.938545388706366,53.68549535071254,6.097688634796061,22.69668406617827,22.742458746505253,35.90486058043204,10.840755950156135,10.469344883712532,37197,65.27128382058385,12.92359662251932,1.9615149358167043,0.5139367586389031,0.0942464664235027,2.0946145513298444,1.9595533243787855,4.427997474692988,28.246971462912683,2,0,0,0,23,5,5,0.956231227638581
37101,2019-06-07,65.07849907310612,1,1215.5031761675134,26.42398209059812,46,7826.54212184726,170.14222004015784,140.44924128765214,46,3,3,2,1,2,0.849435333089779,0.3771446803556807,2019,0,0.7971151711697613,0.0,0,0.7971151711697613,0.0,9.728820371631508,County_109,North Carolina,NC,680988,24.50691568665406,26.916911298003065,16.77617616006026,17.229401613790856,6.8909644890581365,43.60194689948157,52.30975130064411,52.17827682759281,6.634955106425096,26.921698731807023,27.447384826229992,22.582883130926135,7.39906364694497,3.1587339806367503,55846,55.307170622516196,53.59788144614085,1.4781492580328248,4.169550888605427,0.04238678012613016,2.1230828977464293,8.98225605191596,6.004682320240432,45.847133672466185,1,1,0,0,20,4,5,0.2797307936107123
45114,2020-04-24,66.72888027408791,1,1375.5689712374665,34.38922428093666,40,3878.10314328644,96.95257858216101,114.84439022342072,40,9,1,1,1,0,0.004741392911873921,0.7193125336908236,2020,1,0.8743955314643191,0.8743955314643191,1,0.8743955314643191,0.8743955314643191,23.39008342858903,County_5,South Carolina,SC,738000,17.08167058429057,22.569082963134438,29.336728294569866,15.226689701487505,17.963597089712792,35.40662366410995,54.978495712658194,44.767827010119284,9.5670674333206,40.29581199245437,24.09498137657689,30.89904474876463,18.953668832057183,5.2891702305068575,66059,64.54505102984749,56.71433255235853,0.9304249431271463,4.819600714571287,0.08008009468131856,5.959124288295512,7.610347597464899,3.142264324486217,25.05890470157504,5,1,195,15,21,5,0,0.9592113685279813
28008,2020-04-07,24.174042609011927,0,1383.6309843403417,53.21657632078237,26,363.1152431342924,13.965970889780479,11.006626370792366,26,5,1,2,0,1,0.8533694593423667,0.8875710884880433,2020,1,-1.1182672455214475,-1.1182672455214475,0,-0.0,-0.0,13.98515936051497,County_108,Mississippi,MS,1290916,14.565512845767259,19.511638289639688,34.17099990830671,30.854816999229033,19.032818910861266,24.207687190741765,51.26349852508953,45.491901036940625,15.310820803772055,16.594498842675918,33.12607194311752,25.460308956760823,14.633910269334837,6.439579359405525,36180,49.95435789556861,10.703095775296948,0.4399868786545227,4.158209801987084,0.2579040903725961,1.4176514513752267,2.545795708054615,6.017018552893098,62.288191303611434,8,0,217,7,20,5,0,0.8877934954134113
12028,2020-04-08,23.662766255524122,0,568.6453789872187,22.74581515948875,25,136.4381880982016,5.457527523928064,5.7608432893160595,25,2,3,0,1,3,0.619119086426974,0.39462988815008226,2020,1,-1.1422081512855946,-1.1422081512855946,0,-0.0,-0.0,35.1771996577868,County_80,Florida,FL,2390243,10.69891962844444,45.44891661525468,28.95315754726802,16.615857154776293,21.899072165606924,41.19044741131641,49.84489352066629,48.661959776868244,12.809756149131017,20.042019101605568,20.647878753773657,35.76553425250853,7.140582809501687,10.58782149494952,83768,46.33305146638379,28.935452253170844,1.6250326804959294,2.6197744508453638,0.18072508864602313,7.577867087877187,7.304986267955922,3.7920765182394653,64.44161869225161,7,0,187,12,18,5,4,0.2838519413111236
45049,2020-05-10,79.92937857045554,0,517.8697324109486,43.155811034245716,12,11.33020359442994,0.9441836328691617,0.5281512945026738,12,7,1,0,0,2,0.1627434861049576,0.31913248859966603,2020,1,1.492518946711727,1.492518946711727,0,0.0,0.0,10.763565909330294,County_140,South Carolina,SC,611492,10.417862877310391,36.037259648334185,24.43857466986308,16.382504260715265,19.52178431954814,27.5708475728298,51.547134334302974,48.85088324386817,6.582924978149798,11.932088002095199,36.33497473428222,32.37436296325378,16.101749347344022,23.715303882754316,51615,43.16806064449443,64.3962546707505,1.4727081942940445,4.911247842307809,0.11339660195917012,10.383418384488563,5.576872230538651,1.9497348319889194,59.61581743953597,5,0,187,11,18,6,0,0.8171311161918906
21023,2020-06-21,42.83047356774584,0,746.2869870177082,24.87623290059027,30,517.4965053360953,17.249883511203176,15.332096611968678,30,10,1,0,2,0,0.772937388135284,0.6087411288982467,2020,1,-0.244665616125887,-0.244665616125887,0,-0.0,-0.0,4.65337233350939,County_175,Kentucky,KY,1794689,24.538761074856296,28.19487491194898,24.483679868034642,14.809449756007716,19.853030637910454,36.046066184853416,47.37599747137985,48.07703947099894,14.314733601026777,22.75513129730158,32.263884458729734,28.72355966451901,18.56266348796757,13.618528081751219,32821,32.5226752936275,1.1922164309808883,0.4439080791218981,4.200631553295361,0.23697179452067627,4.694751838308161,5.113175649490363,6.636946703293029,47.43882167553099,5,1,176,9,26,5,5,0.68618143526625
28088,2019-04-12,36.06640842466578,0,193.1815908775551,27.597370125365014,7,4231.907701992406,604.5582431417723,641.7034205712135,7,5,3,2,3,2,0.8554915417905857,0.5809893737480507,2019,0,-0.5613981328330089,-0.0,0,-0.0,-0.0,11.434025854260174,County_192,Mississippi,MS,1227471,8.091669048882974,29.894758830468234,15.789775492161896,4.871121131640962,8.629784881283143,38.99973181048556,56.15200421723768,49.91338391882829,8.538406276116174,17.005502917545787,36.28704657194439,25.00966764994162,8.800570752836142,7.4013237549623145,66248,60.26984810886156,22.211894014206894,0.9024305883145314,1.5326964874480464,0.019337229736472627,9.912158444657445,1.6772932164600827,2.2873106799412573,47.20713378289638,6,1,0,0,23,4,6,0.5123105665158524
13134,2019-05-12,49.200883174607334,0,2463.4170896468963,53.552545427106445,46,2567.02397941991,55.80486911782413,64.02443341747981,46,15,1,4,1,1,0.2542634837541573,0.40913997762479715,2019,0,0.05363367942431638,0.0,0,0.0,0.0,0.163691341480611,County_122,Georgia,GA,310862,7.235541102884573,30.671646125370057,26.76121652836406,19.60278567218925,10.33240186318284,36.22476160626123,48.649852938703226,46.71652231686184,14.220666193030224,31.401048062236743,33.43900420626669,27.424378014717224,7.409609509396223,4.432253161614824,60994,86.48003227283046,40.40800223873089,0.9255978756335701,3.9856352507372574,0.07616732637671571,1.081482502384509,5.942194896374236,0.6703096472206552,67.2765467002437,8,0,0,0,15,4,5,0.4234932268998319
12131,2020-06-03,61.40049489345077,0,311.85157658452755,7.425037537726846,42,710.6520117385546,16.92028599377511,18.202981799710813,42,12,4,3,4,1,0.9187936809026809,0.6017747558677085,2020,1,0.6248898162035483,0.6248898162035483,0,0.0,0.0,12.155131876782663,County_73,Florida,FL,1922258,9.583575490575384,37.527072192920116,36.857945929310645,9.383097622249108,7.727659544000745,18.226340165878007,47.149441648718664,51.48843820241746,6.900395175773571,16.43964376297557,18.12628636873614,33.26044311264359,5.137876114140033,9.781027065868173,65297,69.22018194138377,24.720664035856686,1.6528210999454183,6.185159798258599,0.06903094621720178,0.47253390113209026,1.5492839942098182,2.077381279207675,32.651379422065595,8,0,223,10,27,5,1,0.8156872531695313
47094,2020-04-18,81.8936279932879,0,72.54658009142031,12.091096681903386,6,347.18428533446377,57.86404755574396,30.429516919729405,6,8,1,3,1,2,0.4544574302986578,0.9353813695664948,2020,1,1.5844964262264951,1.5844964262264951,0,0.0,0.0,0.06438100306960468,County_89,Tennessee,TN,2249503,9.55900929780197,47.51015931062577,36.091565571382546,20.853051446413396,14.322838264757955,11.595912135327412,48.44893138496518,45.66969897069698,11.42392734323581,31.24438257217609,26.582121993970304,25.26975272338622,5.756005421703762,20.761804617674308,71052,61.905367394636826,20.31520843161453,1.367689368668153,4.701149671264105,0.2956093686504666,7.935057652652239,2.2246605661697996,2.88346914817328,24.569573197544752,1,0,207,14,23,6,1,0.7932863532623262
45171,2020-06-04,35.05123588174385,1,414.06868585219513,10.617145791081926,39,198.4250848384873,5.087822688166341,3.8712817437063523,39,15,1,2,2,0,0.6034244543333215,0.4676402566265965,2020,1,-0.608934362542532,-0.608934362542532,1,-0.608934362542532,-0.608934362542532,0.7862327351934802,County_36,South Carolina,SC,1558455,26.400798192979394,47.714507068337404,15.88878303452759,4.42333693455736,20.806704407037248,16.295202645120344,56.788982124811355,45.62947795724894,15.120045856975384,18.904262845679533,18.739527466307287,23.497327125413964,17.196021572856186,10.816884248441681,56732,55.715725522811404,33.6626614281281,1.2863350870801102,3.355361401017545,0.21182957471782807,8.371237302796462,1.8917362998850085,2.7837729413802164,47.411223409255356,6,1,197,13,14,4,4,0.7571793996066166
37113,2019-04-28,79.7365900518419,0,35.10094963851711,5.850158273086185,6,139.06916982416476,23.178194970694125,12.379217365592838,6,7,2,4,1,2,0.9846495336176436,0.19674218075063132,2019,0,1.4834914770760739,0.0,0,0.0,0.0,13.29381887851194,County_187,North Carolina,NC,484398,15.361172210329523,29.310727304042555,30.527534079848742,30.478838835084048,9.220497286976546,26.612122542233777,49.62281813836824,42.781163466485594,7.09472810977353,21.656535023635993,33.001001757799656,36.20846013164082,20.7949813126671,19.76763353851551,74992,58.114908963251864,13.888140675788256,1.2996548451265568,2.3189303097992133,0.18533578091656625,9.273640650623264,10.51813693023508,3.9103388113832156,36.45292309707486,4,0,0,0,24,4,0,0.9982576952640806
21016,2019-06-13,16.740164397037944,0,670.97630967338,18.638230824260557,36,1343.3098786726223,37.31416329646173,21.51152572747292,36,3,0,1,0,4,0.36153607863919934,0.3772059828830039,2019,0,-1.4663642707817037,-0.0,0,-0.0,-0.0,13.746553504107592,County_169,Kentucky,KY,428902,30.750099891372543,27.194923626324165,21.63882706733248,16.13214221235482,13.36153474668828,26.70579996943074,54.6046981730826,43.64197094040487,12.31511908703026,21.465819561391925,27.851567282032512,34.22736559328187,5.718085159620426,20.462214450918214,51247,41.02158228732071,38.60339210812335,0.5409401587649578,0.6926148451192528,0.0014954895883418694,0.6249944623997956,3.491079249660846,6.240324733233503,36.14992232197808,8,0,0,0,22,6,3,0.4790339484804425
45153,2019-05-23,53.863862962877725,0,253.1650486522273,50.633009730445465,5,149.32380415500865,29.864760831001732,29.04986917708944,5,1,0,1,3,2,0.8131593458201128,0.3941069825931186,2019,0,0.27198126958676117,0.0,0,0.0,0.0,1.6304280469229484,County_170,South Carolina,SC,1149202,8.567492702555922,31.33558100629867,34.865761374935005,28.109150404539555,8.277842793842959,29.723129623266964,56.98973482918035,52.90729230489901,15.847751439485727,32.50255250490828,20.79588491585193,25.19671889053012,16.969135345278282,4.548877703070195,60350,82.1367037719375,51.175410413239035,0.743422519659068,1.787927216037298,0.05529300062695721,8.545977604525135,4.229645397758081,2.4001984762130446,21.333011645987558,5,0,0,0,26,5,3,0.8071160548420959
28115,2019-05-20,59.37825781767596,1,589.1229961749877,24.546791507291157,24,2052.925599308316,85.53856663784651,85.47704194756214,24,15,2,1,1,2,0.31839911782845964,0.13110869302621986,2019,0,0.530197020548871,0.0,0,0.530197020548871,0.0,2.9278470144107693,County_66,Mississippi,MS,1372266,21.992035468034725,35.30976383456875,15.992524405604128,16.315712850522175,5.8110994885677965,22.408971664367744,46.08842533695059,47.24795274012618,5.807179446916042,24.99527789415029,35.45117738415777,26.676984694879867,6.149794653455361,15.999174310416025,40242,40.29165853986238,41.84594163662366,0.09132457087341228,0.17718859629945055,0.19066238789192347,4.141926060762399,3.8818463661083786,3.8850089517345974,49.023252248752854,9,1,0,0,20,4,5,0.862615888616495
21127,2020-04-16,22.41281826255273,0,1135.6501880731398,34.41364206282242,33,1652.561575319676,50.077623494535636,52.16107687580752,33,15,2,2,2,2,0.799213522241491,0.1628715005545549,2020,1,-1.2007379207648061,-1.2007379207648061,0,-0.0,-0.0,43.89073654613744,County_65,Kentucky,KY,1495377,16.666967187232515,31.701808989291443,35.58923024424377,4.6892629200782086,6.306117831463785,37.68876387655108,55.7103416724926,44.19014901173967,5.060827488408092,21.838966965580493,17.534093172913735,37.55312283409417,14.474125198458669,24.059209457535548,64235,75.01372470072997,7.610762490955694,1.5738822716242475,6.907718830922255,0.11391579794449971,3.3367139595041846,9.93162967437051,2.7109031989751156,33.409584006953864,4,0,219,9,21,4,1,0.21239097887223024
21113,2020-05-12,24.823771794473885,1,2312.2380473615844,64.2288346489329,36,2658.4809312894195,73.84669253581721,81.66111879307198,36,12,1,3,2,3,0.6007339188626425,0.6845620733936773,2020,1,-1.0878431801500537,-1.0878431801500537,1,-1.0878431801500537,-1.0878431801500537,3.938345963528563,County_171,Kentucky,KY,665434,15.215872594123923,38.39761593376783,33.42446636333109,26.021979290626593,3.629934218493534,42.612996263541106,49.30731652930642,51.630775400313425,12.090342309337794,36.578681571183495,27.40497287636891,33.33095178814588,17.097204518851804,11.24917572278174,45603,77.91899577024222,60.9530116057557,0.8659964303396277,1.6351275396883058,0.27728411510371825,1.903263134776266,6.411142069016329,5.841524885925803,29.829351765056007,7,0,203,14,18,5,5,0.04302437561100792
12111,2019-06-17,44.33800235214127,0,1593.8419961427855,75.89723791156122,21,304.44051013449774,14.497167149261797,14.752346690380547,21,2,1,2,1,6,0.21635569522540143,0.3394777542089027,2019,0,-0.1740744293484388,-0.0,0,-0.0,-0.0,136.427918578281,County_109,Florida,FL,1357060,27.75218917540614,34.849566794911965,17.585096409557234,21.149144430679762,21.01122369868052,16.62227708569938,48.0327130985766,48.75573576143603,8.076831372988364,28.158518769236082,30.862892202667958,31.768352067421198,10.747270356283803,3.1717140470695124,68229,65.51622581585819,13.423426461611662,0.876476714175147,5.722644004529071,0.22941726574252735,10.956173306127798,10.151178938799774,1.5244098363751095,22.900300775471173,1,1,0,0,18,5,4,0.4053436537863911
1019,2019-04-02,82.63623385002272,0,1313.2297529229197,28.54847288962869,46,4473.918325780229,97.25909403870062,103.15397886208626,46,5,0,1,4,1,0.4140260937892364,0.9548983918558076,2019,0,1.6192695126692975,0.0,0,0.0,0.0,7.370637419577364,County_141,Alabama,AL,803762,30.36548679153839,26.904328587598588,16.316135420980583,24.889197332070463,10.356152365898778,35.72440549037363,54.64462033434161,41.296184159926106,4.854933728399093,17.414924638339933,16.2946678213135,26.922055766786087,5.17495553777062,23.235961875931206,73654,84.8160671219735,55.301652043390135,0.49071252986725344,1.2636496844543526,0.134215221841236,0.7002994825074998,3.6492115111929033,1.1728167440153803,38.12499409435373,9,0,0,0,22,5,1,0.8568799477523392
28112,2020-06-08,56.7229787264061,0,2936.8600588858094,77.28579102331078,38,8886.695031268668,233.8603955597018,124.94566856299066,38,1,3,2,1,4,0.3176356343635617,0.24359674535860742,2020,1,0.4058615490021345,0.4058615490021345,0,0.0,0.0,12.55911918434091,County_98,Mississippi,MS,1855778,27.69433292812865,27.75484739592951,33.36356861519259,14.988756178248453,18.76535739404111,33.44090224925674,57.73715271826527,45.429060402714015,9.703667414603249,38.00273834431048,28.15283273053648,26.786002306664358,14.523029634006814,22.324324476167106,76666,46.50037361419355,26.60012286508538,0.4188545629188578,2.05684793227846,0.22485449326148113,9.097088160687994,1.705764081535464,3.769469146044411,62.3115370021635,2,0,178,13,25,4,2,0.2898141779133157
47159,2019-05-15,80.31162551201479,0,351.5612445266427,31.9601131387857,11,113.7173347112145,10.337939519201319,6.866196899872909,11,1,3,0,2,1,0.07810839308036388,0.09892450510482231,2019,0,1.510417951709856,0.0,0,0.0,0.0,60.45726295896842,County_89,Tennessee,TN,2152515,9.999817654913459,28.87215477703085,18.426668761440745,20.86222883890606,15.785924717448976,27.400529471893282,49.13026892197354,43.478019755698774,13.045248155727469,21.279508881009217,32.94982674018807,22.63237789904369,20.859914050240445,14.009253285807041,80312,86.06835382327183,56.576055711983265,1.1756438591380585,2.986113502675731,0.29262129714786644,7.034438790395803,6.3402937536038335,4.867269307475698,36.8235279570765,4,1,0,0,26,5,0,0.7003101439133567
1061,2020-06-04,71.30526409290795,1,550.2258359610654,16.673510180638345,33,376.63357854503334,11.41313874378889,10.675033272283986,33,4,1,2,2,2,0.029834770099697483,0.7535045630002579,2020,1,1.0886881992153847,1.0886881992153847,1,1.0886881992153847,1.0886881992153847,8.761220756915439,County_126,Alabama,AL,1765727,10.740745951432284,19.217752120479215,26.767759365469153,26.97441210630501,6.242462647516165,14.35267912109225,52.963673275380465,50.182220053759764,7.421468804982265,12.169381326119613,16.485600917197175,33.655709870430904,9.121878765415932,14.701821767912222,38359,75.87050079315338,15.645376141779549,0.46510603040735155,2.3383990825770753,0.1382942474104412,8.085884886880539,4.128138413795184,5.670913807089982,52.9164878756209,8,1,195,11,24,6,3,0.008340790925198419
45120,2020-05-30,47.716712108870404,0,711.5450211507413,19.76513947640948,36,5922.181413648211,164.50503926800585,181.0686754879261,36,9,0,2,5,2,0.3464786554071809,0.88103605191787,2020,1,-0.015863764336358714,-0.015863764336358714,0,-0.0,-0.0,2.007625790404194,County_162,South Carolina,SC,13355,22.057920856471647,21.646129502075084,35.14638687333161,20.66983240041285,5.921513808292213,38.014058084725676,49.05767759389288,44.85043456882354,8.020562530061618,25.838006719233586,26.269345364345796,22.69080360091015,8.031860434995453,6.870045363850872,39175,80.51623846003797,14.253009362375515,0.12841770313092882,5.608620608043041,0.19275776636656,7.828888319139761,8.920021751652857,4.332561543884557,56.55770727988964,9,0,204,8,22,4,1,0.3560090678879175
45007,2019-05-10,69.93344144765312,0,180.69992549063306,10.629407381801945,17,447.46600127407584,26.321529486710343,13.243679863260354,17,1,3,2,3,5,0.01903414781748658,0.27811335687148786,2019,0,1.0244515560553324,0.0,0,0.0,0.0,6.406764035435726,County_67,South Carolina,SC,2678592,12.516173122592985,40.58586927294313,27.483858498085112,12.734861775405292,18.333769929455624,44.46442513952447,52.75999820016999,41.90925490893921,14.148392807763665,14.718141633226335,20.68825791927228,22.077717404436463,6.982814284056239,20.84736737752666,80161,71.52684053833005,36.28883508144124,1.5350148319617967,6.708084515306419,0.27559938451838856,9.442779335805009,9.733945793572415,5.5300234485735045,36.42073803193938,5,0,0,0,21,5,0,0.6159011780633931
13070,2019-04-29,16.248574878389142,1,595.3945023691109,16.09174330727327,37,6604.480643957187,178.49947686370774,153.55248627439164,37,15,2,3,1,1,0.16548775758177503,0.20208810164547797,2019,0,-1.4893833254677409,-0.0,0,-1.4893833254677409,-0.0,7.054784526997921,County_162,Georgia,GA,73934,24.10285340029508,29.22928819175072,23.739132632402132,21.550828642253595,7.661878357080979,35.151616957110924,53.706068429160766,41.76908984876737,10.240862947137856,18.153993311472277,29.584337933812257,33.67192140577566,13.884089918400898,13.467800883018908,51803,83.70498213832795,3.338457043583595,0.7529388688127319,6.1395319371908545,0.07460239861085198,2.021712768417191,5.462021864524254,3.052615380646005,59.61711454556594,5,0,0,0,18,4,3,0.13062743288226455
37087,2020-05-27,22.640079773601446,1,1049.4807616423107,23.32179470316246,45,876.2221331965997,19.471602959924436,18.96731141109054,45,7,1,0,0,3,0.7251833208508688,0.18576613487108717,2020,1,-1.1900962269279625,-1.1900962269279625,1,-1.1900962269279625,-1.1900962269279625,1.253369910400406,County_49,North Carolina,NC,2698444,19.72693692105076,23.294325067044884,24.790353206787827,21.811917281193885,20.309061082188528,42.79653986840363,53.544695443062515,49.14418217142201,14.112783625677665,33.413326180622335,17.610902075734586,37.18198011438601,14.543121589764374,2.7791892882787996,33352,93.53762380208161,16.99611105354567,0.7604711677986089,1.1596872819395203,0.26596737409988347,0.009070785181539143,10.699269752897838,0.7136398567320483,53.51834400434661,1,1,167,7,24,5,3,0.8967103052352865
12196,2020-04-12,73.06000304179155,1,2156.154479140404,52.58913363757083,41,7782.452183792913,189.81590692177838,98.8419075670993,41,4,5,1,1,0,0.7080912356835879,0.5220123013665123,2020,1,1.1708551907637292,1.1708551907637292,1,1.1708551907637292,1.1708551907637292,5.298471100068513,County_81,Florida,FL,95473,19.323627980750476,35.13086195954514,16.388577755485162,29.8964349501855,5.231080391445067,45.38322533297199,53.72964917499844,41.304128379857254,9.356673905724513,14.922554401289558,35.61513147475115,34.10404876363697,17.676333394726438,17.70934399832695,46923,55.15091125315079,52.40486990508873,0.8626365630315826,5.459151866810103,0.029263412031894795,6.583813379475928,6.306636566616262,1.2546455013601174,47.28438474894472,9,1,197,11,18,4,0,0.15711770313996218
45043,2019-05-24,70.77719618276132,1,3797.6018012228656,99.93688950586488,38,1473.4607136470504,38.775281938080276,30.281513400123753,38,8,1,2,2,3,0.7385803864573827,0.46841664124677096,2019,0,1.063961015985323,0.0,0,1.063961015985323,0.0,2.815529315394253,County_182,South Carolina,SC,1399275,26.54222004580843,41.68834444409653,36.31255106995518,13.385545003166737,15.715317981862155,20.72997629533029,46.89111709104534,52.883089583905246,15.435701938721241,35.20832673062107,34.684028797724096,29.54624304999006,17.049172377928155,23.86141420546224,75482,81.53235080854121,60.45422695968521,1.6300896468161876,1.120833701802509,0.19453445117629395,3.8924450325566733,3.3446641305562808,0.7516969079884752,21.04664581037956,1,1,0,0,17,4,1,0.9098837514589907
37056,2020-04-08,31.28485193765036,1,364.3842133132267,11.387006666038335,32,1444.632858046571,45.144776813955346,50.87565418577992,32,12,0,0,3,1,0.31715317112997876,0.2594398398545342,2020,1,-0.7852981674828872,-0.7852981674828872,1,-0.7852981674828872,-0.7852981674828872,24.573412956226452,County_190,North Carolina,NC,295061,23.47385206530962,24.75236031974263,21.83439207178382,14.902289490395674,18.38224058260321,31.89071856412714,54.70956657421407,43.17555966960186,11.80953507661284,39.10721864392861,19.091437237265602,29.77672399297397,19.280663916721394,21.070461277952255,50459,76.88684388770825,6.735760839584541,0.6416737918796342,6.402329635278499,0.23485144651673528,1.3616606422885145,5.634242911114883,2.6381337280972024,22.64926599837198,1,1,208,8,26,6,0,0.2171729193742917
13082,2020-05-29,52.153871341933744,0,552.269724014525,39.447837429608924,14,3031.2154467761557,216.5153890554397,210.04785055054987,14,5,3,0,1,1,0.8900194571176955,0.04517311698942639,2020,1,0.19190960584712832,0.19190960584712832,0,0.0,0.0,7.729123265518061,County_184,Georgia,GA,266085,5.691021889929584,44.11085598540731,19.165996816802785,25.739442913237657,7.0874995741050775,25.48337676788504,54.446504989323124,49.49192869273602,5.390786383830993,29.19596301223834,22.111849456032303,28.978182762385686,17.892363173476824,8.375557224842415,35990,57.34230110270521,63.62751737010541,1.516072422515672,3.6733621721131913,0.18438186577572782,2.0475262951466275,0.8917580702307398,3.720693718246435,67.57069467298498,5,0,183,12,22,4,4,0.9942843952419249
1198,2020-05-27,57.421107449000765,1,564.0714279154416,14.463369946549786,39,836.6761459352625,21.453234511160577,14.295595677479742,39,1,2,3,1,2,0.5938305480284476,0.4814913403262807,2020,1,0.43855195966725835,0.43855195966725835,1,0.43855195966725835,0.43855195966725835,5.11596235861371,County_63,Alabama,AL,1848334,6.285937565796408,47.53516522725168,21.293040640488698,17.161344812796756,7.886043587403038,45.47852112766597,54.55623371103636,47.22563239215044,14.621115858721609,32.310775760684876,27.927969442366948,27.19429867376534,8.956273329271111,3.226476953466835,69549,89.1055829820783,57.62372148777571,1.8790896815590865,2.421029507591277,0.14866044124576291,3.649242437051452,8.942012182762209,2.816063643770106,57.76734440466729,1,1,207,17,18,6,2,0.6051439645822952
47170,2019-04-08,75.74172676432079,0,751.9423959010497,41.77457755005832,18,192.67893275309754,10.704385152949863,11.74214094039829,18,1,1,1,2,0,0.12602634174662652,0.9593323476356084,2019,0,1.2964289523675543,0.0,0,0.0,0.0,6.436362106371617,County_168,Tennessee,TN,1967898,20.64051976385641,36.31141398851058,36.21621028761254,23.624046607240526,21.30811827971443,10.658505136301272,46.036987738341885,47.19992129724663,9.871182289969573,32.40759829722252,30.79737140595351,30.347427426973443,13.894038478012178,23.62808248837815,42120,53.42653728136385,62.74758499519454,1.3217363918495988,1.1834759316059305,0.1852041299777058,0.7725670797537355,1.56506803397142,4.143896587931549,65.0655671623285,2,1,0,0,26,5,0,0.08526054954387297
21007,2020-06-07,57.217501013710795,0,738.0977072781579,27.33695212141326,27,521.9437463018887,19.331249863032916,14.375142615797886,27,13,3,3,1,2,0.14371866145553414,0.6525192007526632,2020,1,0.4290179328205281,0.4290179328205281,0,0.0,0.0,9.875516605778218,County_187,Kentucky,KY,328056,17.640993966179163,38.744220405713705,17.074293176736155,15.871865004700577,7.659653304250087,23.08262165759176,51.25574379379814,42.00515999304064,5.69966761567486,40.78423871811334,24.73843233352568,28.89841531425784,9.75859134549728,23.552442672233134,50345,64.88621639050791,50.58842737509763,0.8633621623540493,0.18148270843513184,0.04549911263383337,0.6260452234129594,3.741859129281552,3.6239594652031197,63.40825063114729,6,0,211,6,27,5,1,0.06621195724418119
47047,2020-05-07,43.880009849157624,1,133.08055800510866,8.317534875319291,16,911.7715479366483,56.98572174604052,62.53278426131753,16,2,1,2,2,0,0.6930954269297015,0.4955065566286184,2020,1,-0.1955202781146068,-0.1955202781146068,1,-0.1955202781146068,-0.1955202781146068,16.47523689915736,County_195,Tennessee,TN,2637226,11.764801038917776,17.78758367098388,34.080666891025984,9.033863970755613,10.884162473050932,41.14602273656221,50.726491848640215,52.23853150297102,5.832281606097048,21.246147866048688,18.43840908314145,31.570686080652393,10.276566072824039,14.245552353395995,32202,34.09813791839442,48.864867777871495,1.4955794462933294,1.810834242460105,0.0646712130990655,10.076288803156885,6.4358237435519055,4.906628212115612,21.96082020770929,7,1,216,8,18,5,6,0.07584677456320929
37164,2019-06-11,41.192883038502785,1,918.1829074277439,57.38643171423399,16,80.93754724560459,5.058596702850287,3.587863108946829,16,10,3,4,1,2,0.17294393644207806,0.11069207402961612,2019,0,-0.32134704344678316,-0.0,0,-0.32134704344678316,-0.0,2.0145061987882835,County_5,North Carolina,NC,872041,15.885058270184842,48.14767629474482,30.57256567683185,23.8657075978683,10.93405406822614,18.078001110534103,46.213960771004785,53.50273478654554,12.250407221318461,15.885696537281074,17.291332863663175,36.36992128801751,19.911109907679943,16.773300468445306,63303,42.126938002439836,38.28161956748533,0.915794739502771,6.406738436641052,0.08096980318690258,3.433130242890658,0.9512388192924381,4.83525406316214,58.21682262018047,3,1,0,0,21,5,1,0.5903028545436609
45012,2019-04-04,44.81174604614569,1,156.95215955673038,19.619019944591297,8,569.2994813133662,71.16243516417077,64.98725618778376,8,6,5,1,2,1,0.5072927015820433,0.25243629054958727,2019,0,-0.15189101903198757,-0.0,0,-0.15189101903198757,-0.0,1.9077720163341834,County_149,South Carolina,SC,866297,24.705668287054372,29.34448096500809,33.26042194149862,6.672344737171878,7.4341776236288295,37.723921174916036,48.11315099055535,41.1542333433792,4.568470080753878,26.575017047429647,36.994837412115565,37.92015067718096,15.910334481073177,12.63980139634859,55153,83.32664342576197,47.34789293888336,0.8288545422162816,5.601109126678369,0.17933380218901143,10.804537672209435,1.3328274414052066,2.5674169562064164,42.20384996852427,8,1,0,0,20,5,4,0.8097696231250578
45171,2020-04-16,60.63517179059819,0,989.7682690336509,20.620172271534393,48,832.7016625078816,17.347951302247534,13.49424352676395,48,12,3,2,2,3,0.9917744759287107,0.2947739495745427,2020,1,0.5890529773598852,0.5890529773598852,0,0.0,0.0,31.06503716953182,County_199,South Carolina,SC,808868,26.49189860110618,47.41261361854461,36.46974588809372,8.560342578876625,17.627926185523265,21.928543348429972,51.173476845172516,43.50045845975965,7.439125178965759,26.997494294951245,25.01774667175672,23.259892638126672,20.593446612017694,11.65460344327145,77086,53.56903242953277,66.25678618422897,1.0505663271453665,6.791576583479965,0.13257032212352113,10.6080370916344,7.809221754936635,2.750393959847095,58.10923558803082,6,1,197,6,23,6,3,0.40355977902873524
12056,2019-05-15,75.72434422266275,1,113.36524397290297,14.170655496612872,8,1050.2848946219542,131.28561182774428,90.89920836765103,8,1,2,3,1,3,0.004007604733339498,0.7648035526072343,2019,0,1.2956150015776586,0.0,0,1.2956150015776586,0.0,4.323053866853844,County_153,Florida,FL,1250651,19.591799765141147,35.685235841508245,33.52740242137118,20.55109951795784,17.551062192968526,45.21916305571617,55.400688338013154,53.654658643136706,5.677451085638417,16.337374648884335,34.19569848126696,28.154935562581464,11.670600587499912,4.747314026360108,49386,53.4036339908223,8.137062100586299,0.6354446696185876,0.795254495737474,0.07334275274575186,1.5682841055982517,1.2536594771380718,4.303460840668471,21.3156418556791,3,0,0,0,27,6,1,0.44539092352258
13183,2019-04-18,46.77278174534098,0,94.76874101456764,18.953748202913527,5,9.358879263861375,1.871775852772275,2.097493852262309,5,14,2,1,1,3,0.016579801897556923,0.8767107972646193,2019,0,-0.060064024581162306,-0.0,0,-0.0,-0.0,1.1712895011350777,County_47,Georgia,GA,488373,15.019606502284677,16.15703916067314,35.754411728112764,23.923554405377953,9.87720127736382,41.45766362052459,48.31886907778529,48.69291057920081,9.29292915540741,29.393282569824187,25.612272101840517,24.89129913226895,13.599001173663625,4.225316662305208,42639,43.48072821877156,23.419277927072475,0.2085004325600024,4.186033330189119,0.26484279964337404,7.8641673318581,5.509370095597453,4.3768110412904715,34.54536715642652,7,0,0,0,21,4,2,0.5896984159609634
21059,2019-05-01,32.34876940659507,1,1859.6892911335226,40.42802806812006,46,592.7439192570517,12.8857373751533,8.134966730673877,46,11,1,0,3,2,0.9930845819305065,0.9016418535664384,2019,0,-0.7354794193810491,-0.0,0,-0.7354794193810491,-0.0,13.15703402160319,County_152,Kentucky,KY,1152649,12.038115798872782,17.310427976996813,17.792575649400234,28.05126083229882,18.784952926074308,18.751493948841997,56.61649874174876,43.10055409547494,8.972245263932336,11.423742004304719,35.29186804801208,27.63392758280854,12.793846718662747,7.352839373552312,40631,59.937892397929446,6.1443031253069,0.8297040110523304,1.8743382708123588,0.11217655208796702,6.608853780397761,4.056304150917879,2.5455494386413653,56.3122174621912,6,0,0,0,25,6,0,0.5335075641815694
21087,2020-05-30,31.56636540983068,1,734.8992915456403,26.246403269487153,28,122.540639831631,4.37645142255825,2.448047377658354,28,7,4,1,2,0,0.5846388341341655,0.9845686082507541,2020,1,-0.772116084128493,-0.772116084128493,1,-0.772116084128493,-0.772116084128493,13.495829986544619,County_21,Kentucky,KY,574849,18.56988024000059,39.134239392777346,32.50734843367334,10.632421927644968,6.654961220780546,37.03753142797635,52.64117600035249,43.83906633652823,10.262517216266271,38.830052073626646,16.93070642097411,26.59956829677477,6.716592920379631,21.24273716735052,42408,80.9897364104917,68.08116720802673,0.24771376225860386,3.8462977698296115,0.13380951576896735,7.59711780415669,2.894833783542373,2.647066257540264,58.271977064274715,8,1,210,11,22,4,5,0.6883736713681688
1132,2020-04-13,67.22099961704126,1,829.734570407827,37.71520774581032,22,270.3093634728844,12.286789248767473,9.084223587054494,22,4,2,2,2,3,0.12690997551851313,0.9823666831045325,2020,1,0.8974393955780955,0.8974393955780955,1,0.8974393955780955,0.8974393955780955,1.0101210403125154,County_96,Alabama,AL,148317,13.183490082673906,35.13071247028573,27.004865269783053,6.100279240815522,2.5839626255197334,20.13740520949748,55.645903592584645,50.2398074193196,7.355635949230363,18.93722833463785,17.50842220936012,24.792594106028613,8.787231912425653,5.35414291692064,55456,86.97599589084055,32.61384808595655,0.8208829471108934,2.3111387103878407,0.12291032296469837,1.0581010001592226,2.4821784275684866,5.011292585709956,50.126586257087325,2,1,198,9,26,6,2,0.4723139344428635
28026,2019-06-01,72.15981343967373,1,1428.332859170516,38.603590788392324,37,1649.3177457732054,44.576155291167716,44.680793507388074,37,15,0,6,2,3,0.8973021997540936,0.9529991327679814,2019,0,1.1287031250811494,0.0,0,1.1287031250811494,0.0,9.957501932044215,County_125,Mississippi,MS,1001901,19.666473563227797,16.902102865006526,26.956903091756935,29.769306466633616,13.63776356008695,30.64815076840587,51.615783766716,51.14743551145622,4.384523072538126,12.186806251705754,35.45190812993293,34.22521685474065,13.442181769671715,7.214068994038347,36532,31.697666946960318,48.94945741800938,1.1138674424269006,2.0559122966791668,0.05458288658302579,2.074160864980138,8.515818584192084,4.708170348694452,35.1590409039744,3,0,0,0,19,4,3,0.7141468243790035
12111,2020-04-09,22.369465589788746,1,1434.97418435611,75.52495707137422,19,507.4341905054821,26.70706265818327,28.448419874195903,19,5,2,1,1,7,0.8803803001276922,0.07182214050288438,2020,1,-1.2027679427796834,-1.2027679427796834,1,-1.2027679427796834,-1.2027679427796834,19.225894074899763,County_91,Florida,FL,1818391,22.59296194525058,41.2776386815611,34.7762746790513,7.323846464619988,21.884516562821382,32.680749967338386,51.98871915591113,49.391975320119094,11.37263327842223,14.24748324424571,35.84484699098527,29.940619885267772,6.0779888821281,14.618123364410772,52923,65.51298899308773,60.71952457980682,1.8614223624112936,4.059532583969723,0.21948810462907,0.8430252759596965,10.491193028077967,1.3778302304185357,35.587041790529554,3,0,200,4,19,4,1,0.9973134318040875
37101,2019-04-16,19.65911998686247,0,165.00237099273005,23.571767284675722,7,171.03309338021478,24.433299054316397,29.298466334708134,7,8,3,1,1,3,0.5362004131113752,0.1377935359278052,2019,0,-1.329681945794447,-0.0,0,-0.0,-0.0,12.021568208785743,County_140,North Carolina,NC,2062711,6.718059483904266,44.972941460352175,36.37968401022765,8.534675503129908,3.2535640416242497,39.354220954342495,53.67607145131496,54.34407731877536,8.484616034588216,18.20746844838925,21.923783844237995,36.70792931547561,19.90339086894223,6.9480180158003115,76443,58.307315648786414,71.36101761343069,0.07244466209060718,1.3648953168998283,0.13453747868065738,6.645476257387783,1.9718872931349831,3.366772217890057,66.43790629117554,4,0,0,0,19,6,5,0.35094754440651615
37156,2020-05-23,56.61035646295163,0,383.6453149103155,10.65681430306432,36,984.8576301434425,27.357156392873403,19.353914396234373,36,6,1,2,2,1,0.6217920298607565,0.3044665264760329,2020,1,0.40058792549516997,0.40058792549516997,0,0.0,0.0,16.803310639831725,County_48,North Carolina,NC,960478,5.027754090591428,32.87819440293649,30.50644310694998,11.157224699637041,6.555962437314982,7.953582794398581,57.991588514321535,47.91689045126488,11.816019984880556,19.217185058181357,22.81362751386518,22.52147909195223,6.981498911093933,5.753753748509103,71918,68.15688398159574,12.486554503250868,1.2429168130038883,3.3370207151076063,0.004877132967815534,10.852501834340002,10.576652801328333,6.302589511618836,41.64297242400761,8,1,219,8,27,6,1,0.013203247452435455
47199,2020-06-11,25.232127093488877,0,569.2275514955201,63.24750572172445,9,380.42553916683335,42.269504351870374,33.20520503099314,9,4,0,1,3,5,0.27318719150087634,0.5528982540644615,2020,1,-1.0687216313725365,-1.0687216313725365,0,-0.0,-0.0,1.1905914166917861,County_121,Tennessee,TN,880877,10.519205609859316,31.83575297214667,25.624644568379246,17.82295791273605,12.618835528498142,15.586157754939688,51.88537613978074,45.203806769995374,5.3040036496512215,11.98429998493186,24.953905166364677,23.07164821011184,8.167691942670514,14.956273559053132,65137,56.96747102285403,57.765395005994236,0.9154703733001546,4.59060462880384,0.2892041107079391,7.391829914237356,6.745006286488589,0.7359868946790888,42.01490086146034,7,0,186,9,22,4,3,0.1264994205061031
37133,2020-04-15,72.72649333194389,1,665.2499200697696,23.758925716777487,28,276.4310049602178,9.87253589143635,5.881809030359949,28,7,1,3,2,2,0.05051969637200515,0.0969778887054793,2020,1,1.1552383438659168,1.1552383438659168,1,1.1552383438659168,1.1552383438659168,11.362883399846234,County_129,North Carolina,NC,2128277,28.257298940688308,16.186085700377333,25.040884873840596,27.719115848954186,18.293844360674978,34.764794612954574,52.40120553351608,47.68126073966115,4.165328263528604,19.380644365811875,24.1555569614804,28.452377326885504,17.245139583018187,10.466145232922155,78442,53.709202997178814,64.00702576770829,0.040522256408278334,0.9844563049613481,0.2447290834786241,7.818376885241226,7.2374342563142,6.058565652147389,46.95963926131287,5,0,200,9,16,5,6,0.5539606708019669
13082,2019-04-28,36.72342717468521,0,3072.8548065885893,65.37988950188488,47,3635.0101082994784,77.34064060211657,69.79299461191248,47,3,2,1,2,3,0.5945676088908644,0.8457969578021425,2019,0,-0.5306327280334533,-0.0,0,-0.0,-0.0,4.985802197272729,County_127,Georgia,GA,1842396,21.803559843942537,42.74609022478238,23.49951205891,24.295288636436275,4.236319098963538,28.977406241811956,53.42795748938541,46.035328111332554,6.979530974623513,16.788252094804463,19.18099475111113,23.284437126464596,6.550952668629019,16.40166357433079,72571,58.616007732775785,4.470151756412169,0.4990963518774407,6.521100469050638,0.217067806227541,10.830435456976092,7.95422697049711,1.5606580209169336,40.24660983262627,5,0,0,0,14,5,4,0.3449135293575074
47081,2020-06-23,25.071035307979983,0,1802.6361057086629,39.18774142844919,46,3373.9537692483323,73.34682107061592,87.89193768302705,46,1,0,3,6,2,0.294755193202763,0.6167561790773091,2020,1,-1.076264877270645,-1.076264877270645,0,-0.0,-0.0,3.944699557716773,County_58,Tennessee,TN,2248403,9.470969150362595,27.244346269367583,22.95517865059858,22.828411507593785,10.20707574829844,26.32859804984458,55.325211922168165,44.14182249744561,9.478567875928626,22.358627823035558,34.76425844666624,26.203673542637336,19.40444959384655,22.980722829399554,65933,65.99394162667974,54.54042977317571,0.23697050470960312,3.5895004262334615,0.2607275611555587,7.458127095889758,7.8932483487231,3.7971161110011535,46.97556353607847,8,1,193,7,21,5,4,0.9400426111112875
21084,2019-06-30,79.46793307412152,1,492.04761327240266,27.33597851513348,18,946.1652939130631,52.56473855072573,52.07150821187554,18,5,4,3,1,2,0.6636210466603519,0.542364402302205,2019,0,1.4709114088945365,0.0,0,1.4709114088945365,0.0,22.913409164953695,County_61,Kentucky,KY,2447412,28.146863007414087,45.87796307260635,23.61315051705749,7.905055899968103,17.067978112282784,9.153188311611238,46.00590469680728,41.64348549076196,8.728863690021608,22.555032120679076,20.572767215524163,37.77647588922598,16.611215531560568,5.472842023006556,76879,60.56587513912905,26.185497804955073,0.43358829146288946,5.754743006001961,0.2720421760816651,0.44199729891317363,9.108016635949726,3.2581867879995747,41.31976487007522,5,0,0,0,25,5,6,0.6278186440172756
13162,2020-05-22,26.58722059146947,1,1491.749351924064,38.24998338266831,39,2518.45721670358,64.57582606932256,59.19336563439422,39,2,2,4,3,1,0.8362451768426012,0.16531132336729115,2020,1,-1.0052683433112968,-1.0052683433112968,1,-1.0052683433112968,-1.0052683433112968,50.554747798575804,County_52,Georgia,GA,2219110,17.21885444747084,28.684059976973803,16.974571175526297,13.015113682727279,9.74509256392405,20.58275945499679,52.21962413930761,45.93097490991174,13.723630663281597,21.170232218086372,30.515993008508335,25.343353719753825,6.097933713741742,23.00897417570047,38469,58.633678218383295,47.05037219440067,0.5491404869218364,4.611947471285337,0.1012469119153316,9.537061609422574,5.576420839150823,0.5658406927194823,59.85560122130278,3,0,189,11,20,6,1,0.5208348307795024
47064,2019-05-11,34.930405763655486,1,3639.8436141911875,117.4143101351996,31,1465.1146905555615,47.261764211469725,36.61172099321152,31,7,2,1,2,1,0.018160543914364058,0.25325547440019736,2019,0,-0.6145923251118752,-0.0,0,-0.6145923251118752,-0.0,76.1481717852787,County_92,Tennessee,TN,2529146,17.378385673645177,35.21264896144399,16.70359387572964,16.395337930426983,6.18231019927496,40.73890904451528,51.74228224888461,50.95973086793639,8.534051730313887,20.837716505921122,16.477424910169404,25.16988386259345,16.069552980570446,22.75726925072713,74549,81.7949657671914,37.4974219187594,0.8026126707643926,4.999006494435564,0.18328760352500958,4.011461194166759,6.100265168904362,6.450080091082608,63.72539793051934,2,0,0,0,21,6,6,0.7982414617707467
13034,2019-05-02,25.752937663444104,1,3077.707253912913,128.2378022463714,24,9137.497163420663,380.72904847586096,434.30110249018855,24,13,3,3,1,1,0.5957137746857274,0.16031202498225805,2019,0,-1.0443342786400827,-0.0,0,-1.0443342786400827,-0.0,40.82318716942984,County_117,Georgia,GA,1130831,29.324090539909033,25.191620798777137,32.157136565190854,7.127926697596404,6.312168634233453,8.204820644405256,57.90358977932598,41.258129240252714,10.365294155236947,13.691938332237537,15.852529293625448,31.178250700731347,15.106056674741085,21.069014416725764,47360,76.95841541293646,19.44169989815122,1.0580787869777806,5.041303492850583,0.18264234276167826,0.04799983666186902,3.900183525865867,3.4570139776729865,64.809182211322,3,0,0,0,25,5,3,0.25933128117804605
1067,2019-05-26,23.08430445657485,1,220.18694678990636,31.455278112843764,7,208.80423613223192,29.829176590318845,25.290417322802064,7,3,2,3,2,4,0.23128053968685225,0.8519331577947986,2019,0,-1.1692950668496134,-0.0,0,-1.1692950668496134,-0.0,6.406707983436307,County_73,Alabama,AL,1071667,6.546653996766841,21.460002627887235,24.813603644244974,10.65603165954683,10.495951344842387,22.46101317922767,51.909092126108774,47.148499184883086,11.122187109306306,11.756148413784866,29.382070396692253,29.967972652690506,17.117590923838698,16.51957609803996,70119,49.87235911013992,10.600716702283009,0.0019799878527722026,6.138189289724161,0.08018990064317909,5.5795759531690265,1.605204734722729,6.702743798943997,47.52192167398117,6,0,0,0,21,6,2,0.8199188017420773
21005,2020-05-23,16.4803611435508,0,636.874357082275,33.51970300433026,19,435.2580689641649,22.908319419166574,13.60884382826344,19,1,1,1,3,2,0.8738884979038014,0.5842278600612182,2020,1,-1.4785297565635587,-1.4785297565635587,0,-0.0,-0.0,11.687690710226896,County_82,Kentucky,KY,874957,10.594635140346682,42.346868714965154,35.47505874798165,11.63332971067964,11.848632958714877,43.86078321916013,51.55648748572064,50.016131620298154,4.26197669974974,17.063429004693997,22.45834886661173,31.287012755245517,18.251165639829374,16.26337312170759,79492,80.63866687352646,9.303253549333789,0.3237387212574816,4.3338775018237765,0.06658567543412015,10.3071650096389,7.4787220047253005,2.363835356364916,41.78098220083128,5,1,215,7,26,6,1,0.004058043759228852
45022,2019-04-27,18.877678641498207,1,2036.736422734598,63.648013210456185,32,429.0196861646557,13.40686519264549,10.13243845660748,32,2,0,3,2,2,0.2536645065618285,0.7351294275196334,2019,0,-1.3662735336548086,-0.0,0,-1.3662735336548086,-0.0,20.022762138364637,County_57,South Carolina,SC,642748,20.230054454022785,32.88407628077357,28.468862189066954,6.563733553213099,19.305381147412273,8.98434864725557,58.47079983948583,49.5456575284403,10.181600522154268,33.69948282249846,29.42010663984003,28.027764451336747,16.49360901077048,16.701891178539537,57793,84.19459482330151,8.335922897302911,0.1871327712176014,2.0196983468775884,0.03417217644570662,2.830637559144815,0.8529046764556347,6.130792527203821,54.146282763216384,4,1,0,0,22,4,5,0.6200576847735819
12018,2020-04-02,27.22490296550969,1,812.2901266481989,16.57734952343263,49,470.17505998919967,9.595409387534687,5.2488488731212515,49,8,3,4,2,2,0.6107701332354183,0.29603286291002573,2020,1,-0.9754083790860617,-0.9754083790860617,1,-0.9754083790860617,-0.9754083790860617,8.64975791709627,County_44,Florida,FL,2024327,10.082649249132107,34.24058940757652,15.773871608057235,18.406711373431214,15.023922162075873,36.238524290740834,51.30807049041234,51.87307810244202,8.137975112786055,40.72429296653367,17.06846644771427,35.228197758319155,14.37882072433555,17.8813976780097,36614,37.28397776007076,46.28309284955502,1.0993467985254874,0.7866165357716545,0.19779425877493584,5.406644903581239,3.394168036375367,6.495532230971598,60.40120879090761,5,1,175,15,24,6,6,0.9348223938947332
21154,2019-04-14,18.736735283902277,1,37.831771324834335,37.831771324834335,1,7.438236973812335,7.438236973812335,4.770776049156378,1,5,3,0,0,1,0.5535408400896115,0.37125263708827716,2019,0,-1.3728733140265545,-0.0,0,-1.3728733140265545,-0.0,8.758226624115046,County_131,Kentucky,KY,1931873,22.667702239432902,48.824142418379004,18.46551350898455,22.7407895026774,15.962838113052278,17.04689203109942,47.53238202450927,52.347276019237164,9.055361532199056,38.85578525171987,35.89673035814899,24.217288823079407,10.159413097308443,2.3790906137116115,51251,66.03972493596083,25.950170449367203,0.6581497408025396,4.283129274205976,0.23427569730923395,1.9115457656062982,1.4894135766840528,4.119410706410074,47.46016537711972,9,1,0,0,24,6,4,0.7880720920818362
12144,2019-06-27,56.38006712776799,0,1059.354399932613,29.42651110923925,36,410.33018406279825,11.398060668411063,5.840003220647239,36,8,0,0,1,2,0.3961665000592489,0.4048549644265338,2019,0,0.3898044514805612,0.0,0,0.0,0.0,21.560847872257405,County_163,Florida,FL,2165737,10.566399522754725,48.761717015553224,19.528035446286168,4.958085681352114,21.668249844950186,40.797744453993225,48.03682571928103,50.96388149287143,5.203448781943003,26.12658066613306,31.4673182716481,28.854282333463452,16.156378589278866,24.036129320694943,53156,46.11590357114733,16.380974112616943,1.0967954720694362,0.5578343460170093,0.22828589385510112,0.6346193883308411,2.5026351518885397,1.8174056211401637,53.89910802564628,9,1,0,0,22,4,0,0.853780557955212
37139,2020-05-08,62.65001687596545,1,1567.7635091726474,37.32770259934875,42,1277.746374584367,30.422532728199215,24.86421253043275,42,1,1,2,3,2,0.6776207635997941,0.7600149717440349,2020,1,0.683399637417738,0.683399637417738,1,0.683399637417738,0.683399637417738,6.840990698896712,County_58,North Carolina,NC,460281,7.578081235569173,45.091832137881724,36.466192536572535,16.471446849368192,10.530947085868988,36.09665117941523,46.332625536717636,42.43916774602649,13.393846787783742,26.95471567333803,34.27787912656758,33.036189575105396,20.311545354092473,15.468886513708336,80710,76.5245455690904,50.12384158211911,0.44364660434935566,1.7649248166577585,0.0948826131554923,0.885994413844245,7.2066745854224985,4.95410830868718,56.237279483898654,2,0,181,9,14,6,3,0.397557740476329
21092,2019-05-14,42.554131978241976,1,785.8684700677818,16.720605746123017,47,2324.5965031015226,49.45950006598984,46.698581026374555,47,5,2,1,1,2,0.7257696347154339,0.7723529876745681,2019,0,-0.2576055221236802,-0.0,0,-0.2576055221236802,-0.0,2.863163071384776,County_172,Kentucky,KY,1331482,10.381614150661832,22.37871595401114,19.811492975335966,24.90191346749826,10.365410863358,41.54250166347615,45.00795380962522,47.65031421606105,15.30885100970227,20.437447071075276,18.00235218897924,35.89178304452639,14.400348488461988,19.973714306255697,81010,42.99861706703177,49.76631916941915,0.04845870817516973,0.5188795737531908,0.061577955139560665,7.9971199655749095,7.099004617151641,4.068357432441491,52.790507505712476,2,1,0,0,19,6,5,0.8244147071540261
13143,2020-05-12,37.25937678664346,1,206.81510724481333,9.848338440229206,21,739.4398262534303,35.2114202977824,26.067180773410257,21,7,2,1,2,2,0.5669377953193868,0.2068135275140317,2020,1,-0.5055364780960314,-0.5055364780960314,1,-0.5055364780960314,-0.5055364780960314,4.311065176985886,County_114,Georgia,GA,607069,15.99108489107362,36.20527160625372,26.346624878337128,23.943723610668513,20.50526587065334,15.421066826819374,51.04723925400675,49.44768340482652,4.2672258475552,34.21818315912969,22.043541315643125,27.913145701708125,15.629517894948062,10.677482298411352,61560,71.98403611959313,39.280948757346835,1.8827338025404936,3.887324364145313,0.13608425353638656,9.50481917816364,4.921076586454976,6.6394428280420685,56.068277119277546,3,0,193,13,15,5,2,0.5512808333652364
12033,2020-06-10,50.316836591556104,0,42.12625009315684,7.021041682192807,6,79.29040588877632,13.215067648129386,10.496295308002589,6,7,3,1,0,2,0.7584222371847541,0.941538856738099,2020,1,0.10588905053642048,0.10588905053642048,0,0.0,0.0,16.845498858507263,County_34,Florida,FL,2412253,9.579595778500078,45.85701243828827,35.59589249608432,25.822046694125117,7.294573946598643,27.720417437925594,55.7693961381751,44.43792454333232,11.216473153736175,33.942700637979456,23.103571612539568,31.083929585500044,11.994048675196812,2.285135920063307,81434,44.09335195586147,67.38200499747542,0.21661624237798804,1.2063330621057895,0.16404403807215318,1.576287231777402,1.4468057531396572,3.355268401768197,30.806330630131924,8,0,183,13,21,5,5,0.6189216962666957
28180,2019-04-06,76.25034595642259,1,191.88350642579587,13.705964744699704,14,1365.5039128806152,97.5359937771868,114.25819765562531,14,9,1,1,2,3,0.9834170759929376,0.1206553374436864,2019,0,1.3202454345202663,0.0,0,1.3202454345202663,0.0,7.417864989864317,County_73,Mississippi,MS,729336,8.501992648007029,28.73177383926388,36.49824005811586,15.550737728776998,16.731397302905897,37.39152779941723,55.2685301991977,41.595725447054875,13.166128807460296,36.328170727473335,26.817798263190006,23.106239120116186,17.097932955889192,13.72389717715821,54687,61.24663214980619,28.36441043234091,0.2537174959234336,4.311810504090966,0.2757261383905667,3.171504245915156,5.050426122823788,2.245338709658843,44.42360371002448,5,1,0,0,16,5,4,0.059856423996467706
37100,2019-04-08,74.57921387755442,1,912.8731367195583,21.735074683799006,42,3377.749117409027,80.42259803354825,82.54367852050424,42,12,2,2,3,6,0.4192723879008051,0.8961220824236303,2019,0,1.2419933985191909,0.0,0,1.2419933985191909,0.0,11.499148278977739,County_2,North Carolina,NC,397114,27.36732904169246,19.43760964180989,20.19992957843798,25.9755983139161,17.214176195253625,16.582289976804258,45.450087229239905,44.13026449226466,7.417691063798673,37.86513731590653,21.531106681163116,24.725105409789265,20.962678277418174,13.665372744266366,53382,90.55931335038487,60.3462709601198,0.293093653020281,5.556969402956546,0.2624469462822162,2.1453241440931006,4.203821154512081,1.3988655097116962,48.6486220664391,8,0,0,0,21,6,0,0.20235014547721775
47187,2019-04-26,18.043254340895437,1,1073.7962258956347,24.404459679446244,44,1203.0456535579544,27.34194667177169,24.02262466298169,44,8,2,0,4,2,0.5145830518855309,0.1003956456498093,2019,0,-1.4053460888625116,-0.0,0,-1.4053460888625116,-0.0,17.656482825960538,County_8,Tennessee,TN,1542934,13.330327293530004,43.57273867615734,16.080588162500884,9.741085993999546,4.40686595018614,15.99910590542146,52.979760650316464,47.36852162425694,13.450667018358601,24.030477446758873,16.333876328166912,23.10621059945783,7.5662291850837775,12.05075363116339,75498,52.54760507658111,6.334897963185938,1.9625530479865454,5.77097697332585,0.2748174993905483,0.29541354619070725,8.064821104987473,5.041118196463416,21.116462750280085,6,0,0,0,18,6,3,0.5514134510980391
21031,2020-05-14,27.704888671756684,0,3721.186010569285,116.28706283029015,32,484.0733908466638,15.127293463958244,10.576680056194773,32,13,2,0,1,1,0.012469877941213237,0.2645398111513111,2020,1,-0.9529326817787128,-0.9529326817787128,0,-0.0,-0.0,4.538997162030985,County_67,Kentucky,KY,2374695,14.379725849474594,32.379960746313834,18.379240315830685,13.102695719690429,11.630512411024888,8.060103206405817,47.15996375578867,46.79502446676441,11.588260609195615,34.00626704321593,23.115324376224358,33.64609427197635,8.238484472060197,9.813492245727765,66704,85.67447855953492,53.528007676733814,1.2353204803399922,2.2358502061496295,0.25507871554079387,6.08774506875682,6.579779386090043,6.831712523373785,61.230237914243055,5,0,187,12,14,6,1,0.05974225676567415
12099,2020-05-31,31.572140977307722,1,454.9126888912068,64.98752698445811,7,447.6553615231341,63.9507659318763,72.12992558992006,7,8,2,3,1,3,0.7960285563103784,0.846478536067957,2020,1,-0.771845638770011,-0.771845638770011,1,-0.771845638770011,-0.771845638770011,19.74939015650505,County_91,Florida,FL,2473316,6.437030647031919,35.18935113221207,16.39322653145628,7.937956139698437,6.410968190770303,44.38209646504264,58.17506798670576,43.47333773858026,15.14995158725284,35.19196186387636,20.600084921800207,26.608959499554253,13.631004138630232,7.746000019623607,59163,93.12528694066094,71.17976638206703,1.2205799034077012,3.8877862755920227,0.28937436133089334,7.699143871514123,5.661440557038489,0.6842345087140901,49.67115189691087,3,0,185,9,15,5,3,0.7417053597811255
45139,2019-05-15,32.45713030825483,1,91.67921474788847,15.279869124648078,6,248.9688465079597,41.49480775132662,27.576120643161197,6,4,0,2,0,0,0.5202300670459938,0.17949207234608744,2019,0,-0.7304053373949431,-0.0,0,-0.7304053373949431,-0.0,12.091411225576197,County_159,South Carolina,SC,268496,14.291610211053408,49.39290607480671,19.2927333040314,16.08956710400001,6.11481781964847,34.69065832213031,47.34310999501851,52.5418175975689,15.772057736245273,20.253788674932505,23.490268412190726,33.579924643069404,12.702006356186532,14.133532113435205,55750,85.61500686994594,61.108473356435,1.9733964030370592,3.984774244595877,0.1396499991507172,7.126652289735775,5.6133118642024495,5.312894806057824,27.069407589815555,4,1,0,0,21,4,2,0.8402169515133797
37099,2019-05-11,54.98628562199409,0,917.3139197184976,38.22141332160407,24,139.81234338206093,5.825514307585872,4.239459265838706,24,4,1,3,0,4,0.4079614303605652,0.4135679313099698,2019,0,0.32453956790456007,0.0,0,0.0,0.0,1.4840027339310338,County_27,North Carolina,NC,886653,11.884986610361072,36.64518863679845,27.50853372348218,13.977680627632411,11.544648154026087,31.786853806397207,53.77294904776474,53.959613362314144,4.508153367984457,38.8772673201845,19.33310993764058,23.062372464692395,14.1451165521075,10.631397212950365,68691,38.11302399146397,42.15619507101422,0.17687753854930954,3.36292155686375,0.01424204922992831,4.268589020324724,10.646117316234397,6.525047356637833,59.368782411063876,2,1,0,0,15,6,5,0.9204419989335101
37089,2019-06-25,44.138369799223454,1,653.4990403209043,22.534449666238082,29,885.1167195467632,30.521266191267696,34.682699525916576,29,5,6,1,2,3,0.0940719630893958,0.4498592999441262,2019,0,-0.18342237611784767,-0.0,0,-0.18342237611784767,-0.0,48.18251657242424,County_167,North Carolina,NC,422983,20.872611750886502,30.449299112647445,35.073873518504115,9.745959259600742,8.143879296407267,36.015794185104646,49.567337070296794,43.81887646673801,9.339253132324075,13.830245079189664,20.761720240424182,35.80076480653321,5.785184763588369,24.3084333101456,71179,81.91710070885593,45.50039056722841,1.9490017850845782,4.620285850830877,0.02506860964454347,6.105112705338959,8.44108932788623,0.9860799724777707,54.7016774227056,5,0,0,0,25,4,6,0.10266669072062612
1034,2019-04-15,18.447788394931578,0,49.11146418150878,24.55573209075439,2,90.70297482086346,45.35148741043173,39.48660760270444,2,9,3,2,3,0,0.8896564216753973,0.24525897302320965,2019,0,-1.3864034727997903,-0.0,0,-0.0,-0.0,3.85369270633074,County_47,Alabama,AL,838158,10.340147739482575,28.579468506804723,26.818815441275483,24.049859858461883,18.023178728704483,27.732903829122137,53.981858563500936,54.0140208179411,10.563853450938618,40.82807537489849,28.792951489509914,35.36848316977746,11.468423301287183,5.977328078639423,57510,29.154009471737602,26.08355801002322,0.4080262931080818,1.5496011543823818,0.11708284253170294,1.0350923729984713,5.718285384831342,1.2161052931898655,56.64007854279094,3,0,0,0,24,4,3,0.9397805277747773
13076,2020-05-22,41.15298969217001,1,1159.8993106937867,34.114685608640784,34,382.49928379400234,11.249978935117715,11.470732373437267,34,4,2,2,3,2,0.39500724004055643,0.7102452013359866,2020,1,-0.32321507985929104,-0.32321507985929104,1,-0.32321507985929104,-0.32321507985929104,0.8593113673443308,County_28,Georgia,GA,1446029,28.097501779633856,30.19905595023755,28.771770247379777,11.787709619126105,20.198295382114406,25.569219022526003,50.77162035049705,41.25005342845253,5.760918798491829,34.102721544766084,23.53938436071743,23.422859888804524,14.327652193048973,9.352308055423,33642,53.35122620785363,49.24345049632538,1.246143007124071,6.85677835314888,0.07730612738189918,1.6973409059495288,5.531837435334265,4.997721139923106,39.42599570750724,3,1,172,13,23,4,3,0.0685523876216657
45048,2020-05-19,51.662706410234605,0,1247.9489565431209,46.22033172381929,27,1122.8764573353694,41.58801693834702,37.99154162331963,27,14,2,2,1,2,0.6825815982092204,0.8513346494022038,2020,1,0.168910432769308,0.168910432769308,0,0.0,0.0,1.8992198138198504,County_140,South Carolina,SC,764738,29.171332143908433,20.02556882807474,19.441079535409905,10.6385212440834,18.15305180312313,24.531757403817313,55.63500273228953,53.94947461789724,8.03542996512834,13.798127159729818,22.598434649728826,22.380104103314984,14.363061620879403,8.761090831265133,37295,85.33913601229688,55.69807220587422,0.8401671306055833,0.7767508069274338,0.050982177408320194,10.249740815082816,0.7780305637021162,4.7117619433226245,61.14751781466463,1,1,195,7,16,6,4,0.4745821597118875
45061,2019-05-14,22.117033203260117,1,23.63004655309232,23.63004655309232,1,5.778898061390699,5.778898061390699,5.532760035422499,1,8,1,2,3,1,0.14937415636815077,0.8745751398555718,2019,0,-1.2145882820863492,-0.0,0,-1.2145882820863492,-0.0,1.9594058531083902,County_155,South Carolina,SC,191624,7.5956074865965455,43.02151898619744,32.612839654824704,6.664929263813862,7.687602016122472,31.97712927204201,48.22950775459001,54.327003061132714,15.851769373077541,30.68688944315002,26.745923919892206,22.90062100771186,15.517343388293977,14.496111053427011,39496,73.14639825491463,71.87422215936763,0.7679036269543564,5.821625874301522,0.28596113235259457,8.376585226018864,10.39634726485797,0.947378199555597,40.459296360221025,8,0,0,0,25,5,4,0.840410769607184
21137,2020-06-12,73.34209876519918,1,315.4922083084663,63.09844166169325,5,822.9218448592427,164.58436897184853,116.78385156620205,5,13,5,1,0,0,0.9615496295410325,0.33932214573656094,2020,1,1.1840645384765651,1.1840645384765651,1,1.1840645384765651,1.1840645384765651,7.907607843672115,County_121,Kentucky,KY,1381980,7.7924768635030075,44.482373178359396,28.59135598712283,15.287007650454562,7.845620676927863,14.859864040302945,57.68108594079964,41.16872608222295,4.194765476109657,12.025382327847804,31.980931898566368,35.65808277034775,16.52345646404262,13.483445910405402,56028,62.69360863163783,35.96486710703074,1.8624866569589251,4.199262309963196,0.05862587652318674,10.15013005407684,3.8513267035569614,5.923747888982517,47.8139301884428,9,1,216,6,22,4,4,0.07124082742589091
45126,2019-04-25,18.6373306525573,1,309.86522895062035,13.472401258722623,23,3405.1157018801214,148.0485087773966,99.0385960377456,23,11,2,4,1,1,0.1784417618218309,0.5308503942878144,2019,0,-1.3775280118143853,-0.0,0,-1.3775280118143853,-0.0,5.175802205999844,County_24,South Carolina,SC,152051,7.998487390885687,25.6695025754959,34.01101024223995,11.483009607444457,7.467202827290615,41.63428910557992,52.00293509038693,51.68227015487447,9.430095178292609,34.10560848332548,23.33509503965506,25.755255824830332,15.264755253453705,16.80603070475828,63938,52.986889680535576,5.352588669914401,0.2984554568805129,1.78949775563664,0.2878137816945693,10.08348312949304,3.1873603597478097,3.9022550109918006,21.030188273894066,5,0,0,0,19,4,5,0.01921284191599465
45121,2019-06-26,79.73893083126434,1,1083.5048336486952,30.097356490241534,36,880.5072283678846,24.45853412133013,17.750650114629913,36,6,0,3,1,0,0.19954199289949037,0.2484064038656515,2019,0,1.4836010858604132,0.0,0,1.4836010858604132,0.0,4.768913218109795,County_23,South Carolina,SC,619812,21.108800664068113,26.3290850259381,35.87454835412725,13.339639557547121,5.133242873096603,38.658342477551344,55.58530406797994,54.58282201597781,14.111855460618354,34.97668764977166,27.92542883622849,30.77237308573102,17.64389048623096,23.85004072320678,73795,81.42389541350917,43.30591450189995,1.9941380221524871,5.245157504556069,0.2282516520963621,7.143318788185147,10.993793716570549,6.396782926687981,51.30903638985953,5,0,0,0,14,5,6,0.02592277098794404
21073,2020-04-30,21.937919910591283,1,7569.964639779097,184.63328389705114,41,2100.0517622772563,51.22077468968918,31.183673476775496,41,4,4,1,3,1,0.8589828605577138,0.24479650155014543,2020,1,-1.2229753988220207,-1.2229753988220207,1,-1.2229753988220207,-1.2229753988220207,16.537202752456096,County_78,Kentucky,KY,11395,8.171193069450196,45.72736471538365,22.65381706664503,9.607923353375474,20.904068178022367,20.63298084662932,56.89622267961718,53.682631063448895,7.886815152631462,29.07230759274343,36.25645775809988,28.81990725088091,14.996170154953466,8.56008496635895,44092,74.54041306453081,9.45071464873397,0.7582501221830971,0.6829181801717965,0.19228370163756703,10.210625129233817,8.046241550797507,6.206940726452578,54.754262230013026,9,0,193,9,21,6,5,0.5117589691965976
47191,2020-05-19,74.0502466118427,0,770.6222251981416,35.02828296355189,22,40.41237679649498,1.8369262180224992,2.0426987952887186,22,12,1,2,0,2,0.9125827441419312,0.16125406285192412,2020,1,1.2172241022778674,1.2172241022778674,0,0.0,0.0,11.494147232933296,County_90,Tennessee,TN,243550,27.161940266186924,16.814992087950486,16.992739287779667,24.368353714957212,10.339932064062854,29.56576257568845,58.98360055336727,54.58994225674698,9.75758203306184,36.705811757497116,26.483562510597114,34.72840841965763,13.600122600595272,17.93374609286492,72903,58.38315641425011,18.378318092483813,1.2975498077771088,5.443483057696604,0.2028056880268135,4.583745133907096,0.9973196196425238,5.781300498826077,47.65414017797324,5,1,205,8,25,6,0,0.8117851478520663
13018,2020-05-17,78.18572007493319,0,1225.7404087830262,81.71602725220174,15,124.01878037621202,8.267918691747468,5.77326317553287,15,5,1,1,1,1,0.2121474075233014,0.9400190108075147,2020,1,1.4108708058552557,1.4108708058552557,0,0.0,0.0,11.143565340769511,County_199,Georgia,GA,1183691,24.611059388385204,33.695553088085745,19.970437074169215,29.040093725932085,6.881444753644538,12.50006469805057,48.13523931831541,48.70452907976695,15.73654894945576,13.936498406445791,35.01554668338598,29.822372823530728,14.699142862204974,2.5759246691192232,66634,86.79645059304721,24.343373702707346,1.9358134629667203,4.170898033476793,0.09944229709773719,0.0397786926343503,1.1497975087685528,3.8533428255887383,44.338264401049955,6,0,205,8,14,5,3,0.12829924440152704
12069,2019-06-17,83.56994764106149,1,1533.434294114443,31.946547794050897,48,1117.2954941304095,23.276989461050196,20.78734263191766,48,4,2,3,1,1,0.4698008881748279,0.8879888286055799,2019,0,1.662991374103824,0.0,0,1.662991374103824,0.0,12.588415603773473,County_58,Florida,FL,2298419,26.315030314188625,31.764974299171037,24.63251444486842,16.942091878088853,19.01008548491075,44.92150366941032,49.016493789888365,42.094185958395435,9.698522037708447,19.277715261224397,32.46079773364139,30.010573450580317,6.619093868053318,8.034934872873364,34686,42.40651719384837,52.90312099353715,0.11520210075794957,0.864177196935171,0.19392811141748464,0.6882822743077531,0.7677664215820776,2.13611917137131,59.06701426445029,4,0,0,0,14,5,3,0.12548564382546107
37024,2019-05-10,71.14181161915155,1,1034.87733592356,44.99466677928521,23,210.38403321382032,9.147131878861753,9.644572097448586,23,14,3,2,4,2,0.7334949045628298,0.7773587133276922,2019,0,1.0810344122869973,0.0,0,1.0810344122869973,0.0,16.460689246544973,County_39,North Carolina,NC,2093738,18.677573699036543,39.46431016566763,35.80526034013842,21.00395585354331,10.284308401826914,42.212814817581055,48.50606321424644,52.897048769270505,5.571055745757988,23.425325647780113,16.291810996303294,37.82547103199844,9.37050465160832,12.665553743921635,50263,38.416231113627866,14.050376795373538,1.8457287258503812,0.6485883853373545,0.05600763548437959,1.2043605827089672,6.795998444885125,3.7888407754223614,53.02451770676637,5,0,0,0,19,6,3,0.5689783081947418
37068,2019-04-26,69.56342785399303,0,460.7430379426947,28.796439871418418,16,1248.707757292477,78.04423483077981,81.84318441609143,16,8,3,2,0,0,0.8783657338108016,0.517661521287729,2019,0,1.0071253869163934,0.0,0,0.0,0.0,0.47695203709607265,County_189,North Carolina,NC,275854,30.91360749949799,21.55531780508145,23.322816092215135,27.28082374498777,3.1847778166384986,42.954002753468814,48.68019865023696,49.59359558132616,4.620657899996693,12.273738584842949,24.44017517232365,24.402072907988114,13.4383964905301,2.7128801350660927,47738,70.06785221034997,12.76845922580703,1.1356227707086866,5.280770700711591,0.2813116297607938,1.0488879850114627,1.251427250650494,1.1552739557115705,34.06947986684108,5,0,0,0,21,6,3,0.23506130521111177
12192,2019-04-02,59.973829319688335,0,585.0850062727637,26.594773012398353,22,8004.813204104339,363.85514564110633,293.583939995501,22,1,1,2,4,1,0.3790526950373052,0.4906079155118719,2019,0,0.558085111027184,0.0,0,0.0,0.0,4.600800324994971,County_31,Florida,FL,103715,6.148552676548193,38.72324518703523,31.95701070063814,30.96722984534244,5.657860619867808,19.954358860434613,53.15422638155128,49.606314418636046,15.344998869279381,24.446482627134984,30.36300497310894,35.2912630199349,18.967795446427314,16.206397592733694,78105,92.12362096101862,4.19246121741675,1.4087937579549046,2.121257754876477,0.09053800198817806,3.8687262993528977,10.300577746871772,4.78249996507727,66.07644688975932,7,1,0,0,20,4,5,0.7304835214097289
