fips,sld_dt,republican_percentage,is_brand,dspns_qty_sum,dspns_qty_mean,dspns_qty_count,rx_prc_amt_sum,rx_prc_amt_mean,rx_prc_amt_median,transaction_count,loc_id_nunique,insurance_coverage_mean,patient_coverage_mean,year,healthrisk_impact,republican_percentage_std,republicanStd_x_healthrisk,brand_healthrisk,republicanStd_x_brand,republicanStd_x_brand_x_healthrisk,avg_prc,county_name,state_name,state_abbr,total_county_population,edu_less_than_hs,edu_hs_graduate,edu_some_college,edu_bachelors,edu_graduate,edu_bachelor_above,male_percentage,female_percentage,over_65_percentage,income_low_percentage,income_lower_middle_percentage,income_middle_percentage,income_upper_middle_percentage,income_high_percentage,household_median,race_white,race_black,race_native,race_asian,race_pacific,republican_x_brand,republican_x_brand_x_healthrisk,republican_x_healthrisk,race_other,race_two_or_more,unemployment_rate,employment_rate,urban_rural_value_lessBetter,metro_indicator,cases,deaths,week,month,weekday,pharmacy_density
37191,2019-05-07,65.8199270003635,0,2765.538241819232,65.84614861474363,42,53747.92436057035,1279.7124847754847,981.1874049444887,42,4,0.8079184187081999,0.5104696654214079,2019,0,0.6996365616905085,0.0,0,0.0,0.0,1.3715643074472805,County_156,North Carolina,NC,782315,26.52729192865639,43.74610107657856,28.437414510964132,26.80050060679078,15.755820109093598,21.168929844862728,48.83336426006185,52.84387983086444,12.84374090370298,15.913181797752358,32.703556200092336,28.2441435054146,7.333768730174116,19.57375044595879,41962,37.92061667867249,54.81329320221453,1.7898185638311335,0.6447517930325706,0.16060931071223505,0.0,0.0,0.0,5.226905209313761,8.676345843456273,0.6703879610371899,64.27450513846071,9,1,0,0,26,4,6,0.37681727513302843
37129,2020-05-15,22.73683325928196,0,290.00563234808493,26.36414839528045,11,185.02830338185396,16.820754852895814,20.05937860523148,11,8,0.6163113332510931,0.06928759534710638,2020,1,-1.2794243513112675,-1.2794243513112675,0,-0.0,-0.0,6.396433595052783,County_192,North Carolina,NC,2591838,14.091822099106954,17.763687666057223,15.366785502343472,23.4198786355013,18.85049096453851,7.62175511970098,50.3292540719735,51.249174556192365,9.872923134853668,21.278311434857073,16.3123029009805,28.196666753375467,7.338046008937088,24.998786921454272,51563,71.68984838570341,61.201101862522314,0.270740919575686,5.971077587315734,0.12819052134941702,0.0,0.0,0.0,2.936720419658333,7.054129972995301,6.765459709080161,66.27547896761772,8,1,172,8,20,6,3,0.7072190391479792
47086,2019-04-07,84.96262772846823,1,474.5899910873716,33.8992850776694,14,156.81414895194237,11.201010639424455,10.452305507943194,14,13,0.4283788159925379,0.22449205087189628,2019,0,1.578973849025521,0.0,0,1.578973849025521,0.0,14.451417534060198,County_71,Tennessee,TN,1759629,24.86011810669806,38.85820417657788,18.838182690459032,27.531905631429105,16.468902245953345,45.532882623696835,51.66470833513422,48.42959610013854,8.084388195850543,18.67396897567022,23.906762456569258,23.851724980981647,9.099291308524252,2.925344496809053,32216,67.58384785520593,15.172773036968172,0.6495291933731666,2.4675316538611662,0.23909582319463948,84.96262772846823,0.0,0.0,5.674950400017622,6.913734974896309,1.4830139341136535,31.75563797412135,6,0,0,0,21,4,5,0.33355919227109904
37069,2020-04-18,80.93228085141101,1,168.6792069678785,56.22640232262617,3,28.992919023062612,9.66430634102087,8.517599345293434,3,3,0.8022356546439461,0.7763985793762849,2020,1,1.3938362166596032,1.3938362166596032,1,1.3938362166596032,1.3938362166596032,5.586640793820362,County_60,North Carolina,NC,2594464,19.119046716955125,21.32851031048712,18.64258404280893,23.571681546846484,5.398320096823443,27.801757726047732,54.9935129304602,52.476490173888536,5.9986581914581105,22.49659669418765,33.02492270725615,35.84944669208549,13.589596214016662,6.653016004583836,43620,81.27478166445559,6.789049287714177,0.38460085589880877,2.902963636410263,0.012603012391310175,80.93228085141101,80.93228085141101,80.93228085141101,2.886535002005643,10.768140199159102,3.8180331603043793,62.3812767613809,8,0,201,6,24,6,4,0.008947859769053233
1071,2020-04-22,77.76143740033413,0,203.13068656374034,10.69108876651265,19,488.48565580791,25.709771358311052,13.501294040993663,19,14,0.45500260849157825,0.11115425699868475,2020,1,1.248180652252209,1.248180652252209,0,0.0,0.0,2.013218207661283,County_62,Alabama,AL,1656541,28.635277654561683,30.70736356340937,17.15493269855577,20.980898898138317,21.569582386349758,22.361328389341384,46.250781815204306,52.38099546270293,7.479526301328887,39.55604899452355,28.578068359823206,31.74646530844951,17.12952960146002,5.336803934154036,60328,57.118461240232506,28.72954566838333,0.8542739534747639,2.445041560244137,0.18531774732336598,0.0,0.0,0.0,9.279272262897546,1.2677530366075793,2.114054634691482,27.52914339258164,3,0,203,12,20,6,4,0.08525228670671162
45045,2020-06-18,58.56023937596848,1,73.61903168589095,24.539677228630318,3,12.618562947978695,4.206187649326232,4.599424642779422,3,12,0.22778609531344718,0.4698000663192632,2020,1,0.3661562386573687,0.3661562386573687,1,0.3661562386573687,0.3661562386573687,28.197717027124057,County_152,South Carolina,SC,2212833,25.873433653903167,45.209116390588505,31.18046701036208,17.00496026375636,17.83843218248313,27.235145906904425,56.88366115704524,46.45766334328213,13.165940349430251,14.036183823207214,26.39744529879325,24.33763495363219,18.644426292034233,5.551983205676158,51481,45.66945171284445,38.92467898223884,0.26699683824634235,6.389211341793043,0.21320374286936294,58.56023937596848,58.56023937596848,58.56023937596848,4.2775042954774225,2.0703382057015745,5.293550581464838,56.792211331124236,8,0,213,6,19,5,4,0.4975014195522597
21120,2020-04-10,51.59539319326199,0,1980.936951143947,53.53883651740397,37,1744.7967029421056,47.156667647083935,26.34472404210069,37,11,0.4725007611103369,0.6048521921047275,2020,1,0.04621972416048726,0.04621972416048726,0,0.0,0.0,19.093234355995726,County_89,Kentucky,KY,1328031,6.0658900148528,19.210264669880985,17.643018718526818,30.65149210590053,13.668074488363244,27.278865484483447,46.78584043582252,51.94012202482388,8.91280869455507,23.698463259973163,22.779946273078778,28.781990446046972,17.022685595821603,12.447719194305195,78610,83.03848906879563,27.7529383303666,1.5215912278044643,1.0024808534215897,0.29157502824719006,0.0,0.0,0.0,1.4201839501844926,9.223520169766653,5.548719643807372,21.611383550426464,2,0,199,8,20,5,4,0.18930700876809822
1173,2020-04-26,52.539500871716776,0,156.8606789683161,31.37213579366322,5,16.82849177566736,3.3656983551334716,1.793515550491776,5,4,0.07083179663733918,0.8783468283705153,2020,1,0.08958816504645527,0.08958816504645527,0,0.0,0.0,1.9087654604688835,County_5,Alabama,AL,1253872,27.861175276972716,38.68312307078911,29.700269615907573,29.856615072004825,5.72200334439346,25.339226506626755,48.67430114761413,43.88739880802321,12.432558903919091,24.712741148227487,16.651228268536446,28.66745459247273,15.051412155266732,22.20634080209756,36875,73.29680445781227,45.62784314086368,0.20693478516914943,4.0624939201167685,0.04372896007195064,0.0,0.0,0.0,2.63964280718996,2.0236873433574694,3.081932622911805,40.11112257432512,6,1,200,8,25,4,6,0.49512778886795344
28048,2020-04-11,16.045586095976272,0,2845.5003273099687,83.69118609735202,34,1366.9887862181301,40.20555253582736,27.8383511228334,34,13,0.8978611096393875,0.8471138628934799,2020,1,-1.5867928471698909,-1.5867928471698909,0,-0.0,-0.0,1.3739092800703958,County_189,Mississippi,MS,702642,30.182726867440735,36.8290372445269,18.92458681238086,26.76788348300099,5.867272647290003,30.905007274133858,58.91025854081617,48.04520389937713,12.88109589998184,19.410261554874882,36.80138369278977,31.609934055825963,19.52199324031173,12.320635188558366,69425,74.34951399197645,36.90124086005433,1.3305241872345415,1.1219457563179631,0.07387296561284029,0.0,0.0,0.0,5.880396142139818,4.524613112754811,4.779922539483707,32.624754715717245,9,1,190,12,20,4,5,0.5746311667140364
12149,2020-04-25,49.96286513618101,1,288.34263540269956,9.942849496644813,29,189.7663800778328,6.543668278545958,5.451216100818939,29,13,0.7309583747344611,0.7642779210597328,2020,1,-0.028771930026754437,-0.028771930026754437,1,-0.028771930026754437,-0.028771930026754437,2.1436248671249527,County_21,Florida,FL,575705,24.296061268252696,45.496011376113955,17.60282392145438,24.70893798599478,14.479457909772762,41.53943817486395,47.662920876619516,42.65538422544139,12.090042689491476,19.355196730627092,18.845021987951064,31.741913885589305,13.31578884374801,17.375049150191504,62784,62.381666284225155,67.50044846122137,0.5354206497380469,6.507302947654405,0.27973296947077264,49.96286513618101,49.96286513618101,49.96286513618101,10.079162674127277,3.4557421885748787,6.408978299552156,54.08837666547877,7,0,175,7,18,6,2,0.9335044646667853
21113,2020-03-31,58.66386973619439,0,449.8072063139247,9.179738904365811,49,1026.867524852633,20.956480099033328,23.611713740768188,49,5,0.7603157862150277,0.407694242611199,2020,1,0.37091659306821817,0.37091659306821817,0,0.0,0.0,15.012078570921025,County_185,Kentucky,KY,111389,8.117751802023768,21.87298562501827,18.575661069553746,19.171667403318338,10.615844093539222,18.766833991006376,46.41599062900884,46.97512279827761,12.082461084195382,32.44256485247962,20.616786449472965,32.323554191676195,15.133709453659062,10.659480278195039,65500,85.69056719742049,30.066769755691105,0.9443799937153254,5.605726063395774,0.18918865364499016,0.0,0.0,0.0,3.306176484322576,3.056169522624129,5.796259270201941,21.75463817369368,3,0,210,8,22,6,1,0.655924344424471
21154,2020-04-24,61.10943461424639,1,924.4068786078664,51.35593770043702,18,1231.2931491350207,68.4051749519456,72.03442240993205,18,9,0.8744933040184423,0.14224925434229707,2020,1,0.4832558296478696,0.4832558296478696,1,0.4832558296478696,0.4832558296478696,10.572378187388967,County_33,Kentucky,KY,1041455,25.991773135765126,43.19277515761736,26.18487604383644,10.27309409473379,15.679260260045343,25.991776290992526,53.93767422686318,48.28512077674067,11.329698451912618,29.53531527952948,20.19014677488159,33.166448917500915,11.585928805309894,9.352256252155648,66930,42.2614950005929,6.857086279349351,0.3999759234350828,1.7133529924014372,0.01141470982065349,61.10943461424639,61.10943461424639,61.10943461424639,2.908248245092427,0.77008048663848,3.1968351646919455,42.85038018442205,7,0,189,8,23,6,5,0.03200968191079928
1154,2020-06-04,38.24976255359191,1,933.8150454809603,54.930296792997666,17,8937.923448274521,525.7602028396777,335.6150828879616,17,1,0.7915725888150836,0.6696493095578478,2020,1,-0.566823900725373,-0.566823900725373,1,-0.566823900725373,-0.566823900725373,20.63745288326233,County_108,Alabama,AL,2667020,21.83471510821323,31.30412068920516,29.200615216870624,27.512292758463015,9.762340635544202,7.142115851673979,50.50380711791715,42.11885701082498,10.221063744564562,35.38496059199459,34.97471094708547,23.653664738064265,10.238147214091937,21.187409251067972,34722,53.91336569864568,22.437386501044873,1.4604473589514382,2.1546700498082596,0.023203200676733694,38.24976255359191,38.24976255359191,38.24976255359191,4.472158182911489,6.445638267115517,3.3695943503281462,53.74626416301196,8,0,210,8,26,5,2,0.38134978776655964
45008,2019-06-09,47.98976452054846,0,314.0749478997468,26.1729123249789,12,108.99543764122487,9.082953136768738,6.907183212283544,12,6,0.4318525902534398,0.18128862248847266,2019,0,-0.11940809300254927,-0.0,0,-0.0,-0.0,4.8355975831121185,County_63,South Carolina,SC,2534020,13.809484255571485,30.57389302477035,32.86234692126801,3.302851776610816,12.5004808434036,40.5327569714099,46.28569607975912,47.4765786642445,6.373800242443237,23.152196674341567,31.80114463991767,26.878755209164993,10.307388471380055,17.07759273272365,73175,80.34758230154318,44.01846422779036,1.8965519785366487,2.732455762942475,0.2356321681883005,0.0,0.0,0.0,10.64529926121361,4.71301496875134,6.264708781175634,23.195129042758598,9,0,0,0,26,4,2,0.793663513810757
28005,2020-05-04,59.541742466380214,1,1070.748211357365,39.65734116138389,27,746.5450225586985,27.649815650322168,28.926357460930568,27,3,0.11863640152544963,0.5613144834086158,2020,1,0.41124247164467387,0.41124247164467387,1,0.41124247164467387,0.41124247164467387,2.2207511427586866,County_137,Mississippi,MS,1866696,27.984794331009333,28.300667928555747,17.828368520221872,9.368319070230129,6.16518174029726,18.930251667611536,45.05239399688663,50.12338760144186,14.113640643062203,29.201330809390193,25.061255587665407,22.277565106762758,7.373076507396684,10.070591625898327,49230,35.908380431901634,19.177782001103115,0.44349057478599185,2.897381959538512,0.17024234953692471,59.541742466380214,59.541742466380214,59.541742466380214,9.297416419074894,6.291697232688618,0.7234232027712291,63.1778085601087,7,0,204,13,24,4,0,0.2613018935339382
47183,2019-06-04,44.98138571926272,0,555.31757490828,50.48341590075273,11,152.83896687983358,13.894451534530326,12.073788093168604,11,9,0.37336477998095274,0.9806781824633444,2019,0,-0.2576006966467622,-0.0,0,-0.0,-0.0,24.397982267840217,County_81,Tennessee,TN,987961,19.704733899782493,29.109520970661208,28.556108442488263,14.304508462365154,5.5264223137296185,17.580579034806387,46.10826206934069,49.597235286426326,15.571170069851144,37.807644220477535,36.0193067469409,29.27426419328613,17.745562410781623,23.025686008684794,65827,81.14333603208638,20.0981800782,1.9063064154256566,5.73966572456118,0.16962464448566217,0.0,0.0,0.0,1.6463474618216072,3.697336168223788,0.6482752200398714,37.976278147633096,7,0,0,0,24,6,3,0.9250480984287408
21031,2019-05-27,82.34946392884676,1,101.70283971490844,16.950473285818074,6,69.95940058561665,11.659900097602774,7.254141077087608,6,9,0.9340847143797223,0.5503097758072746,2019,0,1.458935804260627,0.0,0,1.458935804260627,0.0,3.598499426211178,County_74,Kentucky,KY,1409787,27.176126206504456,33.678627298457656,32.02447118704744,19.412400346554016,3.9750728921205667,45.90394959923035,52.31829810280669,41.7609544304748,9.597808787201995,36.53985415149157,16.161234377301717,28.870881245284597,5.885889349336701,13.465765997705828,47285,50.6238797889663,25.10964636558691,0.650547602022868,3.9952801516334135,0.2639596929933856,82.34946392884676,0.0,0.0,6.751286158102905,10.385338978069758,1.8376697201726437,28.7674941153854,8,0,0,0,20,4,3,0.5294816978550742
28115,2019-06-22,64.38094768964001,0,858.6434319928966,18.269009191338224,47,659.960249876321,14.041707444177042,10.913757623515902,47,8,0.9490904912313797,0.6455568672604475,2019,0,0.6335357443818483,0.0,0,0.0,0.0,9.416961447655423,County_95,Mississippi,MS,2045569,22.42295746319031,19.631193979397835,21.872913773173458,18.704620970089966,18.482966445521768,29.79132461106233,48.23250123183319,42.334755602714814,15.19886507061587,38.60070177499877,34.66074838687635,33.74923088287166,15.79496390023232,6.330319187883635,52611,35.40874783503459,53.97606637354292,1.1156943341038033,3.0528502727529236,0.07232937581136847,0.0,0.0,0.0,8.710506236784381,6.7091455185360385,5.879540690454734,31.596831313431657,7,1,0,0,18,4,5,0.0933552441303836
45150,2019-06-13,15.089162237562334,0,1163.477739331467,34.21993350974903,34,3026.7366211669378,89.02166532843934,83.51612605852506,34,11,0.7678708655237956,0.6775754719161738,2019,0,-1.6307270429318002,-0.0,0,-0.0,-0.0,0.9852081987559729,County_194,South Carolina,SC,15408,12.501418696328134,30.45223957568057,16.753742746083628,7.922843138787972,13.330031905803395,11.79868659949862,55.8857298804653,45.918987443371975,15.9759344526794,19.069250675846746,16.3294013851395,24.673871145725776,18.831363085392574,13.114102836756667,68401,32.30301553086035,67.74945963487126,1.4031799021711522,5.064168132860835,0.04812929454660599,0.0,0.0,0.0,8.448113755072614,10.592673988588801,1.4958857195118054,36.92857865268177,2,0,0,0,21,4,5,0.24242886964010005
12101,2019-04-21,16.62956370375771,1,338.5330557331499,56.422175955524985,6,110.6190627854304,18.4365104642384,21.778274968494188,6,14,0.2044305830713875,0.8303883576755049,2019,0,-1.5599673070966975,-0.0,0,-1.5599673070966975,-0.0,3.522765900980041,County_49,Florida,FL,2492881,30.350486092386948,38.16736131202378,18.430811187463306,5.93434959477889,20.969250278179913,17.355473825849266,57.0051208630044,52.79760012082548,9.834350951029847,40.56263553596361,23.604875310560402,32.10391131400817,12.958853551765875,17.518087072469942,80616,83.48292415650019,25.876741003192375,0.3985372321303873,3.2592676467722654,0.18414178428662414,16.62956370375771,0.0,0.0,5.377300409300774,4.175062519715916,2.354315352164292,30.323629785647732,8,0,0,0,23,5,5,0.9063928998895738
47002,2020-05-23,63.321014242786205,1,410.68124584229537,13.247782123945012,31,15262.627045444635,492.34280791756885,474.2582877399748,31,3,0.19444985846416063,0.43498067810704877,2020,1,0.5848467419704131,0.5848467419704131,1,0.5848467419704131,0.5848467419704131,27.44585671514215,County_44,Tennessee,TN,2351498,19.846144246428523,32.93854001690269,17.01429024633005,9.22520997238783,17.114982486506896,20.775836942386142,47.027662248014124,53.176584744343074,12.692264484999617,35.4916974641425,16.188107324282775,26.907107166882433,6.123212509464803,10.443589552891734,77654,79.16724155691759,14.879650822994925,0.8895278748652553,0.9848561165050543,0.264726929296165,63.321014242786205,63.321014242786205,63.321014242786205,8.050145242414464,0.524040142136382,4.588946485911142,44.997201434014535,2,0,183,7,21,6,3,0.991468291423635
12003,2019-06-11,43.88515682818519,0,391.3048245753516,26.08698830502344,15,818.2969646384322,54.55313097589548,27.89501325241743,15,4,0.8797715108807204,0.4975099010524977,2019,0,-0.30795696314593674,-0.0,0,-0.0,-0.0,2.9120085408932246,County_14,Florida,FL,2620354,18.43563628748793,21.638201940887175,34.51866248249891,12.763846089101541,17.490881624865132,45.456341866955505,49.71827819028258,45.334580175910965,11.72548405900627,34.8442341812391,36.97731781866908,28.110663596955185,11.854679386190254,21.40704893433405,69769,46.2987701410976,30.86522360386432,0.13565496132810018,0.8416753714597457,0.07957519340028545,0.0,0.0,0.0,6.41945271652282,8.703288432105627,1.697578265398975,50.74779161546973,6,0,0,0,16,5,6,0.8631528766747861
47134,2019-04-28,73.76296644485865,1,227.29731884970604,25.255257649967337,9,88.69573315469619,9.85508146163291,9.791080528953751,9,4,0.14191592301112477,0.17597201392458994,2019,0,1.064507269200592,0.0,0,1.064507269200592,0.0,21.303150400113182,County_147,Tennessee,TN,263815,15.49125033458463,28.34375786091549,23.28743670392516,3.393503261762414,12.426639466841802,23.79424543867946,47.05203775655477,51.06448919338039,6.847177792008967,31.027358028759778,35.11656905501324,33.508589797943266,10.491625646117598,14.262311553940322,60003,34.79626667891104,25.980618201553455,1.39410755205604,2.3491010905866854,0.20438830943740557,73.76296644485865,0.0,0.0,2.2158948113742296,9.187477972886743,2.4702562180832275,41.37121511751626,4,1,0,0,14,6,6,0.3213560079672693
37179,2019-05-23,27.111078664038345,0,963.5507932273999,40.14794971780833,24,511.8377149326034,21.32657145552514,14.408346097101797,24,14,0.5841374773324892,0.614679887737502,2019,0,-1.0784894287530884,-0.0,0,-0.0,-0.0,0.35689073622445344,County_135,North Carolina,NC,2559243,8.544949280019871,31.060696930481612,26.51366931298729,22.388762975395963,18.401351762250187,15.975225543419553,49.01369785014726,49.083468292923,4.565073325051825,40.49803920116196,27.865577015417085,23.144768777177205,20.76862910879089,12.758589938492724,59439,43.56470654452711,71.29176890274549,0.8332322394489569,4.259804639544687,0.04571370955748225,0.0,0.0,0.0,0.616590047001595,1.1163856706035282,3.5349327263007493,41.070511045070745,2,0,0,0,14,5,5,0.7690501934975884
28069,2019-05-07,15.96788398366043,1,1161.5060803673628,29.78220718890674,39,493.4123617917466,12.651599020301195,13.961181722238608,39,2,0.3782516822790678,0.2957580063243892,2019,0,-1.590362164040822,-0.0,0,-1.590362164040822,-0.0,3.5708042211908215,County_122,Mississippi,MS,1660313,22.841534880940202,38.74174369752092,31.91113933969492,9.93636820064976,20.870237183619427,29.21950772909987,48.348861862507995,54.767911622632056,9.440263734093481,24.24689684139441,19.7925806279614,27.4845262228986,16.060243225903108,21.75036273506553,82211,41.27017159147627,33.93464635477747,1.7832890652791817,1.0304051607728175,0.051572608748744676,15.96788398366043,0.0,0.0,4.064496480553709,7.06637689885435,1.9827103444915979,57.739877410329015,3,0,0,0,19,6,2,0.22300541595265944
12109,2019-04-29,42.165764507959864,1,20.447926656077026,20.447926656077026,1,86.4946345366589,86.4946345366589,66.49040938836141,1,1,0.3020110079611765,0.5076247488886996,2019,0,-0.38693880589667395,-0.0,0,-0.38693880589667395,-0.0,5.913506431818184,County_5,Florida,FL,1503104,16.200779148151163,46.62605496627492,23.172965286655923,12.839324223354147,16.573934920541035,22.785626664223408,56.01610861312061,42.32501477205568,13.446459968755267,33.24617914287232,21.089109954344323,28.26117168223443,16.54175687726272,12.647109548721518,42756,76.11472866337728,49.229118049642345,0.5479837771462759,3.895925777812111,0.2704530173588212,42.165764507959864,0.0,0.0,0.6813290214229386,7.440687603921262,6.950688945856565,35.1477855090206,1,1,0,0,25,4,1,0.38513776516067955
28186,2020-04-18,66.52448730152142,0,1292.5442017273672,71.80801120707595,18,83.4156690502265,4.634203836123694,2.964641659658115,18,3,0.6773820256769805,0.7665571935098978,2020,1,0.7320011769443289,0.7320011769443289,0,0.0,0.0,71.18644309683776,County_158,Mississippi,MS,492927,29.299925269246692,34.712767427985824,29.28025840180748,12.377247336349186,4.558984347296526,9.143455137532946,49.83671549219693,48.67033039136357,7.901615952276363,31.964338639655644,24.889954053256645,33.4519889896267,13.253230703395696,11.531433262568779,81612,41.442726651913475,65.87895273178458,1.8472026486478539,1.9603065491802614,0.035389498471912605,0.0,0.0,0.0,4.345147443129814,2.030205603999436,1.562399112588241,50.27013519364037,4,0,192,11,25,5,0,0.6974709604720968
28165,2019-04-04,83.0209413364298,1,944.97753937536,20.54298998642087,46,304.75242935622805,6.625052812091914,5.482648782776047,46,12,0.9595690766519378,0.017569904681986603,2019,0,1.489780726849002,0.0,0,1.489780726849002,0.0,1.6164271585914534,County_162,Mississippi,MS,1333157,30.092526384091354,38.99651635599038,16.68695677080563,17.331234424598613,15.194887255443373,40.575864885718694,51.93790718241847,49.29552708419755,13.413264654318212,32.96266719341197,22.101164014831607,25.18759064113121,16.350628071073544,4.385477092670407,65746,41.47860095843088,45.66337199283573,0.28207968936569006,4.898352567697213,0.007303660996558403,83.0209413364298,0.0,0.0,9.11766901727836,6.301507804952102,6.024591181981645,62.96731449704321,4,0,0,0,25,4,6,0.9689324378453772
47108,2019-06-08,76.85577155457388,1,488.46353383772623,24.42317669188631,20,325.66750287564025,16.283375143782013,11.050526618084143,20,9,0.7776337382402986,0.5639155265843732,2019,0,1.2065780717514565,0.0,0,1.2065780717514565,0.0,17.677475951279447,County_189,Tennessee,TN,987283,24.958662239098725,18.62444726493975,25.579924246509208,27.07439221864911,4.848447638701293,7.611813564048853,54.43453147662174,45.30735999331563,11.857620183555467,33.5439444250777,15.468905919568696,37.15860789904741,16.56113562755469,10.3373132137102,64038,29.161964877423312,18.705871719309624,1.2139329320277665,0.29501263811695744,0.23248213443323526,76.85577155457388,0.0,0.0,9.287235632439396,3.0535882471394085,3.5556489047416746,31.411175159512574,4,0,0,0,23,6,5,0.4397590785046257
45131,2019-06-14,48.88522283559972,0,49.17520668370882,9.835041336741764,5,375.7688013346666,75.15376026693332,49.98289026211785,5,14,0.48616259310155396,0.17344501731068973,2019,0,-0.07827440466552675,-0.0,0,-0.0,-0.0,29.195404467059852,County_185,South Carolina,SC,2666752,11.304863856265914,48.45187899781816,17.12341725574677,7.182918698155153,4.005837237164023,42.040861794073585,56.51159308813061,41.65734546488059,12.346496221811048,16.7226767336364,29.437632178576962,37.96419124470653,6.061742091937678,11.13211091295088,62769,66.98959911673771,44.1261167686629,0.6156163597443578,3.336261677215954,0.1087528645575541,0.0,0.0,0.0,0.3748131347401964,0.6727428836474197,1.339303918181225,50.13533431114949,1,0,0,0,14,5,6,0.49634058461230324
21192,2020-05-29,71.89720982374567,0,400.015917299975,18.18254169545341,22,3199.387880497864,145.426721840812,131.07067003054084,22,4,0.4407115082022164,0.27938333978385366,2020,1,0.9788020497887823,0.9788020497887823,0,0.0,0.0,2.892333045370328,County_53,Kentucky,KY,923824,23.615471700903125,26.717095472087777,20.46225109496502,12.540359170475561,16.01155789976079,37.88248944047029,49.216927264514325,41.72946349962957,7.42889066052868,21.47154409107207,28.495413890052628,35.10256225312089,8.561704391636326,6.154313342163265,74248,73.16162973315919,29.53321986062324,0.36356322190657475,0.460622628198205,0.11899756566063925,0.0,0.0,0.0,0.7648901426044354,9.602566448949236,1.2701600215567739,65.55467366257486,6,1,215,11,26,4,5,0.2209483604221034
21159,2019-04-22,19.92313205073298,0,1462.0776894454982,43.002284983691126,34,5901.7910613345875,173.58209003925256,180.0293436543117,34,6,0.9076641883223868,0.03471328008699792,2019,0,-1.4086742634965514,-0.0,0,-0.0,-0.0,4.546778074315153,County_142,Kentucky,KY,596902,5.5309655250914425,28.045919489389327,21.45349820710031,22.37680661648994,18.77831592251875,9.957105195554034,47.92908934785627,47.350652758808934,9.640568594116562,22.767619874777147,34.8948354708145,26.795400023416448,5.207480886862177,15.519933639402858,67533,70.78386141952163,30.9868407301553,0.18787434343833098,2.380503649399712,0.23995726347245863,0.0,0.0,0.0,7.368537963503692,5.662799297877873,3.7519243643305598,45.90037698290636,2,1,0,0,27,4,3,0.40381952000661575
21083,2019-04-02,55.05906433094183,0,1837.6478079618637,37.503016489017625,49,3064.323548479156,62.53721527508482,67.81961264673932,49,9,0.578107098473754,0.16946276018590223,2019,0,0.20532659344128373,0.0,0,0.0,0.0,8.88280518167192,County_81,Kentucky,KY,2555755,26.486413073018213,23.57665454181143,30.786843685512828,4.2384795718522295,5.597409069222649,35.220832034709105,58.69834723258215,50.69463305221487,6.180445600302606,33.43999441939886,25.490788882319908,32.621866465165674,13.15691849485715,5.308367622657997,36931,65.09614346245726,70.53204527729875,1.3112851176573799,0.20746849557946592,0.053980737473204456,0.0,0.0,0.0,5.499985644364198,8.707840559562467,2.7978811145498663,66.91419301376513,8,0,0,0,25,5,1,0.06395558908794874
21138,2019-05-28,79.70088891101291,0,1413.2525466445645,45.588791827244016,31,929.3819179596973,29.980061869667654,23.335548059117357,31,2,0.49663902306619523,0.9866293932871518,2019,0,1.3372711131302921,0.0,0,0.0,0.0,1.076881692098578,County_119,Kentucky,KY,514456,17.834082744353758,18.878782440028672,29.830292098363586,26.239401784542263,3.945897855337872,37.06672560343344,49.482065625064955,50.802461001243785,6.958966336956717,32.487439271579134,22.583597159564533,23.33036850716693,19.012797677376426,7.144865137889493,72618,91.72702157233596,20.779961965234534,0.4663358665184909,3.3367814479877262,0.1950980824563107,0.0,0.0,0.0,1.6429423200342996,8.090376838405643,2.024914944234459,35.57216407668543,1,0,0,0,20,5,0,0.8587273097312119
1066,2019-04-19,42.7469603243518,1,132.1978797157348,44.06595990524494,3,257.794630839796,85.93154361326533,46.98415717417513,3,14,0.6828358695314231,0.9985227611993119,2019,0,-0.36024104992924105,-0.0,0,-0.36024104992924105,-0.0,4.0892673606358745,County_67,Alabama,AL,2443096,29.35523089701485,42.861590864822944,31.435761956483447,29.931103933927943,19.787196436744857,30.489975863718694,54.39495338853226,43.53357789610554,5.078200517108982,36.00098615707158,26.253378024190873,35.94046905130417,14.752872555125254,14.905115671678235,69894,58.67348031586491,34.29439539996007,1.1456288241420953,5.39240949249828,0.09405849865129035,42.7469603243518,0.0,0.0,8.860825795053024,10.933905240652555,6.733104391577368,47.52181295531131,1,0,0,0,17,4,5,0.024311254624986196
1184,2019-05-20,82.20704407641809,1,5168.197597389743,129.20493993474358,40,335.4519453429154,8.386298633572885,7.034280524607019,40,13,0.23715381712952643,0.7198479198896475,2019,0,1.4523936194103246,0.0,0,1.4523936194103246,0.0,38.82039113247191,County_131,Alabama,AL,2600960,14.821761074475091,24.176662778009877,16.358611039221373,20.013841672295744,5.078082071321944,29.52916120608881,54.489774569489256,53.01160997408101,5.521280875554496,34.65557473671008,19.28328979970847,30.25588594016438,13.00332044492335,8.186621988668954,79582,84.62914604412273,12.350560244643221,1.9588374456705557,0.7915182604470176,0.03128053819405324,82.20704407641809,0.0,0.0,2.381457789770641,5.098510740962529,3.5119683141157405,35.61868030644479,3,1,0,0,26,5,2,0.6838410600087583
45019,2019-06-28,30.44795677103737,0,692.3284397370252,17.752011275308337,39,141.17114938457078,3.619773061142841,2.9090198840504926,39,3,0.06373548757487968,0.6118568547711936,2019,0,-0.9252069121190509,-0.0,0,-0.0,-0.0,14.577091981624788,County_190,South Carolina,SC,836786,11.842513716579951,25.611383001740645,36.86611266780703,29.782234388860196,3.184178828002875,8.937794023670989,52.19641223839358,46.28027396357643,6.526161751550038,28.881016381682322,28.7618877401453,24.82302666111657,19.81545356177024,16.71237113295213,80696,70.2826639952817,13.676638106669703,0.6319236405590631,5.173036574758787,0.20624881469102635,0.0,0.0,0.0,0.8596418016528184,4.989281370950365,6.5372713789201295,21.17481297816783,4,1,0,0,16,6,2,0.27394847975271286
13045,2020-03-31,22.394366667337547,0,308.6288068295338,9.644650213422931,32,1789.5169391604668,55.92240434876459,35.67207764906288,32,13,0.855111440485344,0.777006953099265,2020,1,-1.2951558642383405,-1.2951558642383405,0,-0.0,-0.0,6.026842993697959,County_130,Georgia,GA,1863934,30.87146480765702,22.18107340461327,16.197240631614918,14.565731224088937,16.560560190946536,9.32035850108852,48.1982642367838,54.50115062761385,10.962810536510045,15.198454594623275,31.940723421383556,27.238664952987243,7.755496176348062,17.881802057176202,81350,32.63885002608501,43.84739411009421,0.06988855543345762,4.130947342937085,0.09559924036528084,0.0,0.0,0.0,8.244578519100095,3.458433454037287,1.5659982194213224,67.87348072094593,9,0,188,11,25,6,5,0.4766333226011285
21069,2019-05-23,51.73336352571908,1,631.9451084573901,14.362388828577048,44,435.8837299417881,9.906448407767911,11.167553464231904,44,7,0.6072617006994568,0.8965542721851617,2019,0,0.052557516282860185,0.0,0,0.052557516282860185,0.0,8.559091662998242,County_184,Kentucky,KY,2153262,18.797624659313957,49.146099530161926,33.166451411661384,14.620888458343833,19.030453304859186,35.36425734359218,46.98040389335847,42.654234881958914,9.294533434571678,30.063657776970953,18.376157694265228,34.8118839118076,6.193668930522971,8.929679443952956,34224,81.27592688539798,54.322115278842745,0.28564522879284104,3.581776384638539,0.25998123128402123,51.73336352571908,0.0,0.0,6.689385720951605,7.064045740733754,1.6925294369950796,32.282823197751995,5,1,0,0,27,4,3,0.28227688165965775
37041,2020-06-29,78.5072810386857,1,695.7774647433488,18.309933282719705,38,1163.5350199985053,30.619342631539613,36.18911670897916,38,6,0.16487710122506882,0.5193050595654082,2020,1,1.2824416549727526,1.2824416549727526,1,1.2824416549727526,1.2824416549727526,15.723823383191714,County_186,North Carolina,NC,1452657,27.442746102671393,42.55518310749295,31.285916536571783,5.974969463576249,12.532230158552412,11.117041977837482,51.81822602880204,52.710365780896744,7.203274150786744,37.61177850912438,22.004430787977242,35.923628278832744,19.676891782555483,4.0099166744245585,64769,66.15403229321782,46.18865102679601,0.23864401882234154,4.236434509733667,0.27571069506957024,78.5072810386857,78.5072810386857,78.5072810386857,4.33887012604456,5.604181255830484,4.374179991125935,66.7357933061264,4,0,179,9,26,6,6,0.4006705973588775
28119,2020-04-30,36.78954531213209,0,181.79465741514736,15.149554784595614,12,458.7287463601517,38.22739553001264,20.4984099221609,12,15,0.2980479265007472,0.03528399941770122,2020,1,-0.6339003016085528,-0.6339003016085528,0,-0.0,-0.0,20.16872610942413,County_24,Mississippi,MS,1884884,28.687486264546227,47.616588099343815,28.018759390820037,3.9925141799935515,13.028542259828862,16.431919927552624,52.15301351395928,53.71673414543627,14.33334936277227,30.295230901691937,34.09162154606077,30.315414190950776,19.444508078701013,13.257392178065121,80589,70.78621917480412,24.379163851110928,0.9265670544104716,2.4176902089314494,0.2547155285762858,0.0,0.0,0.0,7.61998824161888,8.151991782487523,2.254191677009347,51.692542852414974,8,1,204,10,21,6,3,0.5472311085326269
13142,2019-06-14,71.01122235792667,0,671.8835461422914,31.99445457820435,21,936.6090026311688,44.600428696722325,47.1436551212156,21,8,0.9899335125895308,0.7093958205800527,2019,0,0.9381034134849572,0.0,0,0.0,0.0,3.584652753483167,County_192,Georgia,GA,365213,18.480186532317006,45.29859447981936,24.654857633189717,9.846120907766949,9.068779998183881,26.45462715911099,55.827134594847166,52.51745736601224,10.301772296103834,37.86879285733225,26.121698469944082,29.684984004970772,15.927559779407192,4.136663662111794,82229,39.075238186798074,5.2328902521164045,1.4893011393212545,5.001342921001196,0.09670552423063856,0.0,0.0,0.0,10.025187575603232,4.243372833634986,1.7020960614731928,63.484879620582916,3,0,0,0,25,4,5,0.6412525180207626
45178,2019-06-15,26.843808611619664,0,1800.3462000615907,72.01384800246363,25,2550.961615280696,102.03846461122785,97.14078060809501,25,4,0.6344236324636553,0.9846025020724225,2019,0,-1.0907667205635736,-0.0,0,-0.0,-0.0,54.333296067466634,County_163,South Carolina,SC,1398122,16.84856206349888,46.814091184538896,31.65691177194402,16.387602398832136,7.150032377891535,13.402383270894582,54.93766821533071,52.323775976795574,15.077313683629523,40.97159054410698,26.700406226906026,34.01175594485215,8.935666593536832,13.850420675048966,60563,56.311836307537945,34.38873421255714,0.5928887715637168,5.479694309253328,0.07097478730789684,0.0,0.0,0.0,0.376006870433125,1.873869786897922,1.115455005186522,66.45852911152075,9,0,0,0,25,4,0,0.9403458569560172
12100,2019-05-15,67.18992772006577,0,2112.8968116519654,88.03736715216522,24,2157.1518795202746,89.88132831334478,61.38943086392803,24,13,0.6361121409671224,0.2580529559719613,2019,0,0.7625687849760822,0.0,0,0.0,0.0,40.90501458674187,County_85,Florida,FL,1390616,19.375034824081105,32.28715776287257,31.276871671914613,17.215106944160894,17.22702536842393,37.803742861451,57.76857790370214,46.05834021566923,11.619579547330812,21.77606699070599,30.892980335173736,35.219033960296876,20.51622439526993,18.703010368966083,79393,85.99902578307703,36.80314536967144,0.29168554168768646,5.469744672549454,0.26784019272233994,0.0,0.0,0.0,6.904473814428689,9.555572247254268,0.9957593569965649,47.687972698073196,4,1,0,0,27,4,2,0.3328687008738722
21124,2020-04-27,53.99188589712017,0,1364.7845469415,42.64951709192187,32,1339.077179117591,41.84616184742472,39.5282729305436,32,11,0.07216366320872203,0.46346556546109996,2020,1,0.15630478599478162,0.15630478599478162,0,0.0,0.0,17.82202263874223,County_120,Kentucky,KY,1533816,27.041227074916765,21.798408870141415,18.0179233807757,9.092110688760133,19.06104595836033,38.48774292738446,58.59204786642684,50.98680349409362,4.1894511583446,32.698690830435524,27.713641934869184,34.237548998333125,17.245541628861226,16.267585203828478,77783,41.433889936783125,55.716264165147116,1.2815335326578539,1.9592725468164502,0.13588409516293837,0.0,0.0,0.0,2.399840267171158,9.194492890629189,5.395594505187272,67.98549318215913,3,1,222,12,19,6,1,0.5852726554607781
1120,2019-06-01,27.251188277606055,0,4694.9306115342815,134.14087461526518,35,681.9318491556905,19.483767118734015,11.496401351087043,35,3,0.9689917342439318,0.36127440105128117,2019,0,-1.0720533668162635,-0.0,0,-0.0,-0.0,2.4698370440639947,County_123,Alabama,AL,2549954,30.08116602162079,27.113931368156507,32.437914405139146,20.15855889051997,8.764272784221337,39.843585239174786,55.18991856679357,49.110851924158204,14.96170829218834,27.19875897801516,16.53075489762402,28.150848803747323,15.782313337354706,12.310155747876404,32135,27.008368737991976,46.46055892272879,0.6023604176984849,4.611958366859982,0.21232191706740472,0.0,0.0,0.0,5.215515359355223,4.185501964715314,2.3340604514038077,57.06450573594238,3,0,0,0,22,6,0,0.9018204250610359
28001,2019-05-27,65.26610746063261,0,140.09185710468284,23.348642850780475,6,226.12184149091456,37.686973581819096,20.67449166213941,6,11,0.8927828895587206,0.3904674942298634,2019,0,0.6741963597745322,0.0,0,0.0,0.0,1.9614988908323965,County_157,Mississippi,MS,2228460,13.53637484361262,25.94335157737792,16.728253943569236,8.073764495474862,7.839474105075202,8.933156710213494,46.071157483623544,46.94270784003706,14.289560028169916,24.649154021244968,32.687157660986784,32.27081218574911,8.566581184247164,23.754746601643593,78019,44.25308371187083,62.85936255967007,1.1503406986244653,1.1218605076424073,0.24814926042319027,0.0,0.0,0.0,4.663792417717065,7.748693033875991,6.859724496499626,45.61928413639795,1,1,0,0,25,5,6,0.2909415761423922
1141,2019-05-14,64.96292794194991,0,267.5860456980439,9.556644489215854,28,453.3896952835563,16.19248911726987,19.3571872837721,28,10,0.5477824422632205,0.7213999938753569,2019,0,0.6602695341233027,0.0,0,0.0,0.0,4.832747103273545,County_160,Alabama,AL,1631777,24.204389935116012,40.38255047844612,26.012015126827762,12.133911927534804,7.721938531128477,23.68705328811135,50.671656329039436,54.903563744751516,11.623254673370791,18.196012360773835,35.30239281946629,35.71775853233484,13.20942674612985,4.340186360889922,65156,59.6653440948196,56.59178438735151,1.8675731193455039,3.518395333814243,0.08330599646034675,0.0,0.0,0.0,4.289776346179828,5.670230515893924,1.6902873286143112,51.78233435697163,7,0,0,0,17,6,3,0.8651849311443555
47005,2019-04-18,51.08046604004082,0,125.25752626273261,62.628763131366306,2,52.32281316525524,26.16140658262762,24.734534714160148,2,5,0.3093889164508735,0.37840438975605006,2019,0,0.02256607922710191,0.0,0,0.0,0.0,7.996425480875327,County_21,Tennessee,TN,1094968,12.419736409538945,16.87287133444964,29.191800184478275,8.479866425301168,3.486610651435944,40.0297892358591,53.52323317776956,45.066366054031676,10.417282668769815,18.37743787987793,16.172099125797867,24.428170144758713,18.161219860752,22.24003465897442,61833,82.02562890122873,26.977322650577225,0.5826939098530524,0.1181418944106713,0.03572922838043705,0.0,0.0,0.0,2.0939171027220818,8.490207019876552,2.803903225155011,30.130753794350166,6,0,0,0,17,5,2,0.9575975412934593
37109,2019-06-07,30.782734634987225,0,215.095144715093,8.27289018134973,26,19928.47009462877,766.4796190241834,519.1027960584673,26,7,0.6980552283860917,0.9410841254587267,2019,0,-0.9098285878728137,-0.0,0,-0.0,-0.0,0.7415301738634449,County_1,North Carolina,NC,1098450,20.88477907461914,20.82943530721122,33.07715486225501,22.50658079972385,7.98096298438743,21.165556221961257,53.262731000299404,46.78401631062898,9.43511287982302,16.54916860279913,17.66749464206612,28.210186961839412,18.764163595716575,20.402964070747668,41280,70.10049033841452,45.887721070253576,1.0249832289725371,1.4357486371575539,0.18744826900298575,0.0,0.0,0.0,8.829149300894803,4.59638987097738,2.9369060266351674,21.518533207696446,6,1,0,0,19,6,2,0.8476462119212869
12199,2019-04-20,24.260572457149756,0,370.9325802995321,17.663456204739624,21,865.3638711634213,41.20780338873435,33.585339235562884,21,13,0.8333743944718691,0.7896584537635604,2019,0,-1.2094300118557109,-0.0,0,-0.0,-0.0,14.056727033410974,County_50,Florida,FL,64248,25.924529293675032,39.21809408866527,25.188424798047183,17.46403023022473,3.0001928808955975,34.13699475459788,47.54021300162837,53.64005452273364,9.78609814920198,29.944505194968244,30.44345444856457,22.905902142004237,13.982881852820288,11.653987348385446,79771,88.57725242013078,54.057343591313995,1.6136238272624326,4.4589653992449785,0.17705767672896752,0.0,0.0,0.0,4.174726434204703,6.12421197160791,3.7509931527893943,33.069099337535675,6,1,0,0,19,6,1,0.5702906408402554
28157,2020-04-12,82.00785339218525,1,474.36346682421737,43.123951529474304,11,625.2735870543244,56.84305336857494,66.22566596013343,11,3,0.7861214098232535,0.02764702508769512,2020,1,1.4432436150079393,1.4432436150079393,1,1.4432436150079393,1.4432436150079393,39.39744407485209,County_105,Mississippi,MS,1492467,28.048644441193627,20.19704002921501,20.210877706433195,23.610830774033232,17.87394863813327,29.980590263410374,53.1612262123122,45.04611590734784,13.230647690108198,15.261592899293092,28.298426515319562,28.5420365709984,13.364701499508227,5.515944953716431,47350,57.522816919068866,68.93850621126488,1.3834362249952563,6.133094385901592,0.08106002179757274,82.00785339218525,82.00785339218525,82.00785339218525,9.759158870301277,1.107069092679846,6.159133148366448,41.443630500835624,1,0,209,11,24,6,0,0.7223934244533016
13101,2019-04-07,60.906877678140866,0,1366.6985077089093,27.89180627977366,49,695.9261297424846,14.202574076377237,11.463004736237751,49,11,0.9770473720478788,0.8185488820337248,2019,0,0.47395119341833186,0.0,0,0.0,0.0,15.633505222716018,County_169,Georgia,GA,689114,16.666620791260414,17.641922926193608,25.79451154004534,4.602948748566192,7.49057316610372,20.54113605157997,49.89552711034022,43.13753598979953,10.15769922830423,23.941594094511522,23.415373977378408,34.356513342698385,16.16294125292225,5.584936072885748,53726,53.1846199381215,30.987003546179455,1.5029563495583715,0.4382952602435678,0.17541201641560264,0.0,0.0,0.0,3.901351002411399,2.3365548066748545,5.926006364767217,31.71847158250244,8,1,0,0,27,5,6,0.48158480268249265
28064,2019-05-11,71.64690385013688,0,340.7954430220134,26.215034078616416,13,1464.1607013479031,112.627746257531,127.30439991730438,13,13,0.6368553986669425,0.7728574224386586,2019,0,0.9673040182955691,0.0,0,0.0,0.0,3.068323607767836,County_130,Mississippi,MS,2393730,14.61364774671318,19.71331559678049,20.504578429616643,14.91013824658396,15.958026192351591,17.779788334526526,49.74497582781203,45.33999649537279,6.112296384429287,26.699997178165823,26.86347027668817,25.152455094809397,13.451981508999566,23.201532497084337,47470,42.50502051191279,47.028021454090656,1.5451387497122004,3.954014266002878,0.23710717634350287,0.0,0.0,0.0,9.236846791470686,8.708538881638582,0.5647161506146696,45.159687205351304,5,1,0,0,16,5,0,0.5976585486452853
12167,2020-04-10,63.78793703351691,1,39.332819245957246,13.110939748652415,3,247.38335942276552,82.4611198075885,91.38064545890002,3,15,0.3212254315588653,0.5164937283812335,2020,1,0.6062952630556969,0.6062952630556969,1,0.6062952630556969,0.6062952630556969,2.6307673807401897,County_28,Florida,FL,2091033,11.589741912283085,39.482921203465274,26.631958392035266,30.074840211479774,13.092173518040845,32.456980591876864,56.67609807421731,51.63036347942507,4.698130806075913,24.147034315669096,30.473448496023295,30.67019441799014,11.682896609050575,7.375207278399982,82421,41.61018646411998,28.879132304996027,1.0798320406680861,4.49374763872471,0.10500329470323823,63.78793703351691,63.78793703351691,63.78793703351691,5.989129646771566,4.506437562815213,3.1601579352287072,51.92337468455932,7,0,210,8,18,4,2,0.974499592911294
28171,2019-05-01,73.06315656346023,1,535.2907650270483,29.73837583483602,18,1496.9647296922724,83.16470720512625,61.617515084906024,18,5,0.4979276130685336,0.49681739674641356,2019,0,1.0323608687788552,0.0,0,1.0323608687788552,0.0,10.911399270836865,County_143,Mississippi,MS,2465562,8.468846430872876,20.737058819759802,25.17518002834339,4.501346411778181,18.830540784555375,12.211341343112982,50.90706422135508,53.03795613583172,5.51423531543815,36.6478854042175,26.098482161380446,22.585371734749234,6.366704182790219,22.10466128372006,57122,76.31936309954006,53.38580069975488,1.07212421580453,6.533497770160949,0.07269531567767165,73.06315656346023,0.0,0.0,4.241877583457714,0.8686069544106969,5.881588751763783,51.82231090770177,1,1,0,0,27,6,1,0.2518694355993894
1074,2019-04-23,26.37435738242464,0,2298.8169541935526,60.495183005093494,38,1628.5668205404131,42.85702159316877,42.30872183832497,38,4,0.8163171679506165,0.8355269034669534,2019,0,-1.1123313877586454,-0.0,0,-0.0,-0.0,6.053914999172651,County_94,Alabama,AL,2688744,14.487856784735527,20.974348278640367,32.17109864250868,14.71460331148694,21.22738518736192,40.54477824442259,52.38354335690234,42.60222982671306,7.017293306048634,24.295080793815806,18.084143141984285,36.36239985170653,7.016794811449282,13.575790058396645,37929,32.38406124403571,65.75151516304956,1.4377791608968948,4.6204921830502,0.21750036408286685,0.0,0.0,0.0,7.744354360577956,2.26018099997544,0.5012857508736163,63.00692823505704,7,0,0,0,22,4,6,0.7927545754181035
12022,2020-05-11,49.78651571829311,0,30.385865255211616,30.385865255211616,1,114.55191369064711,114.55191369064711,110.23891416399711,1,15,0.2653425872153774,0.42478528916303493,2020,1,-0.03687270018198041,-0.03687270018198041,0,-0.0,-0.0,13.143844189288657,County_74,Florida,FL,1086237,27.671422923444027,23.830206689809376,20.281982495735637,4.131150127957376,9.662186475518718,29.481294202147435,52.880220054482706,49.70397753504757,8.412809457276479,13.484962788929078,16.967592640932384,35.12007511840722,17.164407491210678,12.619896644729431,32565,43.261810183811576,66.26504711608983,1.3952965402271114,0.8109256470480948,0.2357616050045384,0.0,0.0,0.0,8.653200870637646,4.8217793368989526,3.968657219418585,66.41699753471086,7,1,208,12,16,5,1,0.5067269166050484
28116,2019-06-10,61.69873393516053,0,418.93580959113484,16.757432383645394,25,3808.1472388565935,152.32588955426374,158.3958187360145,25,7,0.23140825494399142,0.15946234329329845,2019,0,0.5103258274314224,0.0,0,0.0,0.0,16.155132231007162,County_154,Mississippi,MS,1162368,15.889047421476594,41.530963942681765,19.39967405218747,7.1062929871824,4.222645987847924,11.348636699907729,52.88195491792263,48.942016678326404,14.708992146102505,40.76598623517942,24.654892174144397,30.390547068593055,5.394625033988289,16.248759154427876,82968,86.35498238918869,12.153213734513212,1.3401153280593703,1.1125352735569154,0.28628683136067606,0.0,0.0,0.0,5.3095986930193,8.038087623676105,2.1865915386658124,62.86266562791476,4,0,0,0,22,5,2,0.17769638017844078
28127,2020-05-10,22.237292992665257,1,262.7611685701591,12.512436598579006,21,976.760165097369,46.51238881416043,35.17036210387526,21,9,0.7248345803264707,0.31289883284903264,2020,1,-1.302371185679128,-1.302371185679128,1,-1.302371185679128,-1.302371185679128,30.55284134155679,County_59,Mississippi,MS,1645684,13.249622311091773,22.811999016866384,25.432077470473118,15.950740644045442,17.118092405525495,34.437578162541186,47.98370119296721,50.36316899718711,6.869046786396016,36.34950773180638,35.30346467267434,33.2925919355512,5.836880412761738,6.9458989065443575,44261,65.65369481267675,15.490858431082398,0.7642693842853272,4.486772489320284,0.044275746875241336,22.237292992665257,22.237292992665257,22.237292992665257,4.679624712218905,4.3165929389759246,3.182995570073654,50.14822308930553,9,0,191,15,26,6,5,0.6438918453237396
13186,2019-05-21,25.49698645298858,0,731.05149921052,17.001197656058604,43,1240.990692148419,28.86024865461439,15.485415162158947,43,8,0.4444274265154108,0.26520240335748935,2019,0,-1.1526342156633937,-0.0,0,-0.0,-0.0,1.6959440414403404,County_124,Georgia,GA,1168080,24.217438359246785,17.202763488623045,16.111096034198713,7.410375135153473,2.9153953608840757,23.81338944541434,53.3923470840861,50.39478919577515,7.835182696030417,30.801304562179993,27.271141843586864,23.662658637901743,19.47429724938268,11.852525503372961,72077,30.12136980757826,54.599991006075705,1.6570852912097536,1.5877757696663057,0.2667792305664584,0.0,0.0,0.0,6.3516086740955435,8.324450420978124,3.231980549212252,30.670915265783066,6,0,0,0,19,6,3,0.7926344796285416
1178,2019-04-14,59.37878159756625,0,39.43420656947622,39.43420656947622,1,96.88117117902098,96.88117117902098,60.03992298709621,1,8,0.8165703951897226,0.6810590296514503,2019,0,0.4037567166114647,0.0,0,0.0,0.0,9.856238768562076,County_37,Alabama,AL,761055,10.605196262274408,46.79935408958198,20.04549382558113,17.525151898987605,6.847785022481802,14.959175199163852,49.684730525217674,54.4325445837314,6.676174474321286,33.68970862425822,22.88084151839268,35.52335194235793,16.26395381527496,23.585142092513387,33514,74.18508823809563,45.80170190191053,0.4724057787417786,6.5053077766532885,0.2295296433569707,0.0,0.0,0.0,6.4367971635629,9.509636166598376,3.046403864663844,65.34220448098657,9,0,0,0,20,6,2,0.569187063504046
21046,2019-04-11,75.8094062977674,1,38.11170998703554,38.11170998703554,1,11.190325743453203,11.190325743453203,10.424768494104272,1,10,0.1436835861589889,0.17887335004084526,2019,0,1.1585123364327747,0.0,0,1.1585123364327747,0.0,4.606565160708977,County_76,Kentucky,KY,1912182,11.663456864679743,45.79482642589137,22.781508112129224,28.836487117561948,3.5383880352262014,44.48170242406978,54.170284124346374,45.851408917974354,10.5489018244736,14.845720992645322,34.99153572946278,33.44418449714834,5.067403550626338,7.479909366511246,78633,60.9477186394588,65.26261736670179,0.3114639327054245,6.452741685422613,0.21056997237926636,75.8094062977674,0.0,0.0,4.680271374401562,4.0819344491599825,6.29767579437321,29.218438554063408,8,0,0,0,22,6,3,0.8375953681906675
47051,2019-06-28,61.22913252591184,1,479.07134869765594,17.109691024916284,28,391.7610836264064,13.991467272371658,14.587085864634263,28,7,0.3356964631494067,0.644772436432807,2019,0,0.48875426157963087,0.0,0,0.48875426157963087,0.0,6.499819731385649,County_112,Tennessee,TN,1223419,29.333624856795865,22.283846030480063,25.727853676340025,8.611411629527948,20.013893246586402,35.0662636155626,47.03976638552018,45.196736904300906,11.405040355533842,33.97744382309524,23.54990743593664,23.919478347601288,9.992693989677964,23.19642185423429,65829,84.25295574236705,23.279839718503016,0.6903244382314031,6.645725435084772,0.09391608875711345,61.22913252591184,0.0,0.0,8.334291662869015,8.903943493971466,3.9870134583019747,28.117086977991864,2,1,0,0,25,6,3,0.36650274547290035
37199,2019-05-27,17.534336941925293,0,57.37983769490677,6.375537521656308,9,279.57320316609014,31.06368924067668,31.971806504174523,9,6,0.2680999065901012,0.46596694726376187,2019,0,-1.5184057293337685,-0.0,0,-0.0,-0.0,22.731042662763333,County_125,North Carolina,NC,2543564,7.121332008047634,25.02164805229747,20.92760764695801,6.001222271941538,2.6032930931806595,30.12675130979185,58.91761832487137,49.13715400150555,10.385530382765928,17.232468251362853,26.201222580556255,37.69102856190044,17.213095369528716,24.86682302201111,43686,72.72306946026461,61.20947759138467,0.5076624808099119,2.121372993904134,0.006657885356446236,0.0,0.0,0.0,4.396935925291887,1.8322469922669902,6.374353704881901,35.92575841155545,9,0,0,0,21,5,2,0.913854530688455
1066,2020-04-01,82.93030419632261,0,1407.1997222702237,40.20570635057782,35,143.41170925984136,4.097477407424039,3.7228741794088225,35,7,0.6978681480662735,0.8396609294117818,2020,1,1.4856172277667306,1.4856172277667306,0,0.0,0.0,26.18177701431999,County_183,Alabama,AL,601484,15.780410686329006,22.410957429083794,27.33400288358494,26.107743735522654,12.10847221779702,40.10582006131511,55.80860608034754,47.01185842934127,15.422279814603282,25.669283887219272,17.562985273831867,22.360487107303147,11.68161279963609,3.1938653257364256,78242,27.29792139451184,49.548085845854054,1.3263650244063128,5.046954364926183,0.15226514823583268,0.0,0.0,0.0,4.98298177170742,4.860477013252425,5.223825647588781,47.95946138289955,7,0,181,11,27,5,4,0.648671779886341
47092,2020-05-21,24.765483063437156,1,223.77971444638627,15.98426531759902,14,1251.59204747982,89.39943196284428,50.003847038216904,14,10,0.7593292133266495,0.48499874321746794,2020,1,-1.186236486073448,-1.186236486073448,1,-1.186236486073448,-1.186236486073448,45.51203267992173,County_58,Tennessee,TN,1203804,19.99553100226491,40.46417432469882,34.32512266179377,15.887555727585145,10.767982979600113,28.210921805403952,50.841520068780305,47.632559812376094,15.944536211849492,16.33948367972851,31.222820801426387,32.05617380148438,12.500765165729787,14.221719819601546,47486,40.784518840719684,14.877398021118562,0.46203570229992175,4.674795957850462,0.08573081294571486,24.765483063437156,24.765483063437156,24.765483063437156,6.658500467074637,1.524405160956722,2.7822804613310366,53.0292137033328,2,0,199,11,24,6,2,0.8033561656066315
21061,2019-04-01,31.27935634867428,1,1359.0595680894016,48.53784171747863,28,291.98658084915155,10.428092173183984,5.340247265081019,28,13,0.4560026958865563,0.9298039345693829,2019,0,-0.8870158198758668,-0.0,0,-0.8870158198758668,-0.0,12.849017194252973,County_179,Kentucky,KY,1439660,10.986778605979746,24.50030206243389,26.962004149867248,27.713110767635857,15.228520958688721,24.21735388098325,49.21892591209996,41.9698779090629,14.04875187766676,33.61354892996575,30.406665057161742,24.748079947853068,12.340784976736886,5.951843892954837,83885,44.283567937851316,9.981100198690388,1.3129796767017379,0.3456660912306274,0.08694630567800736,31.27935634867428,0.0,0.0,10.855337921237311,1.051543882345145,3.7081639300682068,21.62475583524489,8,0,0,0,19,5,6,0.27371213973344966
28079,2020-04-07,83.2477097333307,1,35.29955759250612,17.64977879625306,2,37.613309158956554,18.806654579478277,19.69995619323878,2,9,0.4780293763989356,0.9004691278855878,2020,1,1.5001975384481814,1.5001975384481814,1,1.5001975384481814,1.5001975384481814,6.404354643378158,County_163,Mississippi,MS,2452114,12.306324590102712,47.66929175086907,21.310469478201497,11.571452250630843,8.150009727100372,14.388427534567624,50.42922848744984,43.075390477350304,13.663553738683627,18.37801641537341,32.47336784290523,33.508122387512586,8.23415045214465,16.299427887003578,63175,74.04956337383055,50.89337574261114,1.026445589681577,1.93239902678933,0.27814157315779603,83.2477097333307,83.2477097333307,83.2477097333307,2.867547221155133,1.1775374635971925,3.0340804983343963,57.567046770828256,4,0,205,10,20,5,3,0.44668218359101375
1113,2020-05-03,68.97230976573624,1,510.2139803549952,15.0062935398528,34,871.6822887900898,25.63771437617911,22.678186461423977,34,11,0.13203188278912947,0.18528757910402283,2020,1,0.8444441177881039,0.8444441177881039,1,0.8444441177881039,0.8444441177881039,5.318854654748896,County_72,Alabama,AL,1565465,10.767979483465275,44.13979482904134,16.363581384050928,20.57089614523851,19.537060309154437,12.98222657960897,55.09691581883425,54.09524911230007,8.392633320995303,18.596252554750784,22.154208895410797,23.126500063500465,16.542263006372174,24.75948079394214,55324,61.124049903896314,12.250767403423028,0.30490013615051925,1.526690434788332,0.045890667615962756,68.97230976573624,68.97230976573624,68.97230976573624,2.5514807990267734,1.5998962843571827,5.88573280830209,29.22591880710038,8,1,169,9,23,4,5,0.9097077943284052
13059,2020-05-29,80.56036762649546,0,867.2409695924678,33.35542190740261,26,902.5650127549702,34.71403895211424,36.376788371816076,26,7,0.7018280938130524,0.6861663523518836,2020,1,1.3767520459897298,1.3767520459897298,0,0.0,0.0,0.7747758609677443,County_28,Georgia,GA,195751,13.974824873576681,36.00563833736889,18.00665870446312,28.8527795204466,16.81974196083717,23.84680333850208,54.17570919418391,41.956080323381705,10.95740207394398,14.276670480208972,24.59317081945622,23.297614125489858,6.648101288341914,22.628260594618734,35042,77.07898230510793,57.39736182176352,0.5167925282420458,2.658579351994546,0.28026971387716615,0.0,0.0,0.0,1.9457599316428098,9.275122195872187,1.719385777811264,34.934788021112,2,0,188,8,14,5,1,0.051844654951379666
45083,2020-05-26,71.46337849656209,1,156.08324098858722,156.08324098858722,1,21.92474852243993,21.92474852243993,13.460741517423315,1,12,0.9923176335992474,0.21462474912077523,2020,1,0.9588736150383775,0.9588736150383775,1,0.9588736150383775,0.9588736150383775,42.1677435693824,County_52,South Carolina,SC,918780,28.361149632039655,16.30389964026625,27.346782108038195,7.807482384541366,10.929741306848541,24.783008582073116,54.82929516800822,49.26203829752869,8.217669027386622,32.61819370891615,18.703517653598364,29.460667849010115,13.116017688746737,23.27151461694613,45527,61.36210231849199,40.553747849039524,1.0434535686064457,6.676070644162052,0.15114201300322197,71.46337849656209,71.46337849656209,71.46337849656209,7.583886357389469,6.208609798153745,6.586679834700084,36.13807611239562,3,1,206,14,17,5,4,0.4045777318496174
13071,2019-06-11,60.621413250224,1,708.6617436919996,50.61869597799998,14,427.6102171057896,30.54358693612783,23.98270899343281,14,6,0.7779218408318094,0.8233043062304577,2019,0,0.46083812649844225,0.0,0,0.46083812649844225,0.0,4.862399605650806,County_131,Georgia,GA,2393582,16.22127101086329,46.04475981816667,30.041594438296357,25.420399660551293,9.481511865494557,35.59918770399836,57.44598873632155,51.56405040625046,13.412270154084872,19.875338923426334,36.21910727412299,37.9041514464306,7.719293239349788,6.907045706178285,35031,48.93476891667227,34.85756143485807,1.4662106078473962,5.934651308812534,0.25148378281828104,60.621413250224,0.0,0.0,4.940041011602485,10.447575971658612,4.272759212637455,36.624961948240895,4,1,0,0,17,4,3,0.780538339395782
12022,2019-04-17,34.91870992041042,1,98.88581475031613,32.961938250105376,3,92.48617092236518,30.828723640788393,35.25013297169332,3,7,0.22311232318762808,0.6357231545365691,2019,0,-0.7198388189459518,-0.0,0,-0.7198388189459518,-0.0,14.262963008422584,County_157,Florida,FL,741998,15.863554429609225,40.74389598210684,16.092694758189552,20.682468995663562,18.409820826202896,24.241315391438178,51.38813316834573,41.166089398171586,6.0619736691020325,26.548400396059023,16.89370164297342,26.42425983633042,5.744524953234496,14.473350774453934,76361,33.94526332948219,20.562561550420796,0.7965032883493519,2.124629680441111,0.08507627143257311,34.91870992041042,0.0,0.0,4.274669740817022,6.1490031637813924,4.476426700792546,56.737277303845154,5,0,0,0,25,6,5,0.7440708754878239
1157,2020-04-17,37.88170091896677,0,115.56213655505803,38.52071218501934,3,58.1005505383203,19.3668501794401,12.00974390102376,3,1,0.6231227395942356,0.29411769428165113,2020,1,-0.583731145108512,-0.583731145108512,0,-0.0,-0.0,17.862356032566595,County_122,Alabama,AL,926340,15.05110288453412,42.78885148239422,19.082096253696598,25.762508849557495,17.26267582144753,30.133208822051294,54.37329607826731,44.11847407106739,6.600060571535717,20.967306721011177,29.27829268084576,31.80045057210436,7.291902151154693,7.401113377083864,37208,40.57568061080533,70.85303723966504,0.46566528435608,3.75721756458533,0.19017619922542053,0.0,0.0,0.0,2.2449941156375552,7.101468989259061,3.8592091016378136,22.92438502350244,6,1,208,6,25,6,3,0.851771207938597
47178,2020-05-18,81.30897511310589,0,307.8359337597235,8.795312393134957,35,458.295747365953,13.0941642104558,7.111032472545562,35,4,0.29495681066425294,0.24912362838350643,2020,1,1.4111400085820838,1.4111400085820838,0,0.0,0.0,1.4638791118178822,County_145,Tennessee,TN,416258,30.067008900376933,18.442056955447697,22.019787954884553,7.779413658687028,10.280501131468926,39.4682224389736,51.181111369438156,46.27900843189141,4.464328850443707,34.241037764667,30.515662680434097,30.297585189987768,18.909358980987868,22.686768274285978,37884,53.85226538316067,52.27386487464738,0.5901564181875776,1.4266362389479672,0.16697651871702504,0.0,0.0,0.0,9.802522151436722,2.437081591975177,4.104227100791964,30.236337464439018,2,0,181,13,25,6,5,0.7396509443440645
45098,2020-06-18,75.24379313089511,0,286.82841453181413,13.658495930086387,21,2546.031488697015,121.23959469985786,116.07808188142187,21,12,0.03017655291628296,0.42957765504543,2020,1,1.1325303835775948,1.1325303835775948,0,0.0,0.0,2.224761435350377,County_21,South Carolina,SC,1945177,8.049785341715207,40.09104578743043,22.03500839537105,15.154421169436345,9.156751320897481,45.74005312491113,53.93337309367827,48.09544425896136,11.307276080055908,17.794509694820036,18.470202420321552,35.473913754407,7.818362636487379,6.39654184070767,38473,63.94743864817917,56.24251894870626,0.1902343785467937,2.014294546841974,0.27724982682535015,0.0,0.0,0.0,4.874903387446244,6.176100716653938,4.839890206748376,22.049003864165062,7,1,209,15,15,4,0,0.9471450570198373
1041,2019-06-05,40.16433139096286,1,206.69189377628425,5.167297344407106,40,106.01627408101791,2.650406852025448,2.428237659686151,40,2,0.17982285565583356,0.800722971461131,2019,0,-0.47887644797132245,-0.0,0,-0.47887644797132245,-0.0,55.20899424175542,County_101,Alabama,AL,385372,27.66876094442353,43.35604210322089,36.08495431191514,6.607442397354674,3.258315798419572,19.578487290900014,51.64753091748126,45.782334126579244,12.262459105467485,39.225035001391745,23.037110528270777,26.617433723282563,9.453907344197608,5.541054985411595,82660,89.88870601377172,55.57847586423901,0.050299002180466124,0.5485224182027032,0.053789528052726306,40.16433139096286,0.0,0.0,6.6846264263496185,4.5456767624349315,4.757729158155588,57.580074465453016,1,1,0,0,18,4,4,0.4987612957946958
47128,2020-05-30,41.12871923344927,1,1307.4854707825948,100.57580544481499,13,336.329443648939,25.871495665302998,30.17706500652569,13,4,0.10259357226384136,0.7961616090394517,2020,1,-0.43457641939145625,-0.43457641939145625,1,-0.43457641939145625,-0.43457641939145625,10.778637547011114,County_174,Tennessee,TN,999401,13.506187760927363,48.525602109339864,19.482953154733295,29.88229902359021,4.09329128608284,42.17622408540638,55.87329078273051,50.0859896140867,4.040347434776546,20.640199246691232,15.948784468774631,30.87911009138378,7.2095166115264995,2.2797405294224315,82469,43.06125186345558,42.46510597953836,1.9462586239937083,4.533984856326172,0.06137096692274387,41.12871923344927,41.12871923344927,41.12871923344927,1.2378253612178125,10.280071092473886,1.8919560776547677,67.23494990316081,3,1,205,15,18,4,5,0.6246655470164377
45107,2019-04-09,35.83860731931193,0,3142.233585117997,87.28426625327769,36,679.148340109546,18.865231669709612,21.40313156998808,36,12,0.19593255356819417,0.03337622555493547,2019,0,-0.6775824991682003,-0.0,0,-0.0,-0.0,3.4737636669312644,County_78,South Carolina,SC,1923830,29.869301384339188,35.73599607460281,16.375447688540397,4.755368242883765,3.5514098833075765,38.435984002290354,45.073641725972266,44.16956524150998,10.129429167931008,14.115548638722519,27.245381666906102,37.209976241682895,16.76872162652414,6.1848007819922985,69171,71.62769094292781,67.71861777908033,0.19281986873183077,4.632753344024669,0.2846893198360634,0.0,0.0,0.0,1.187694383533912,10.306172765708816,4.285861045674981,51.99871648552852,6,1,0,0,14,6,3,0.8478580528016664
13110,2020-06-18,37.82910998375027,1,1222.8753057897027,39.44759050934525,31,1696.8637759465082,54.737541159564785,56.08415436143143,31,14,0.7956044214490035,0.3022872154709001,2020,1,-0.5861469573268889,-0.5861469573268889,1,-0.5861469573268889,-0.5861469573268889,6.269827771041809,County_179,Georgia,GA,2418874,13.19590840233513,33.273422967975236,22.76632624487102,4.833535143842872,2.976101983786523,9.65226092246257,48.01995338105694,41.35676111000627,8.522494461877287,18.209156984447972,36.88863914211973,27.32137293337692,12.127186676104024,6.3645454776542545,35834,37.22057607005121,42.45132674017005,0.24977469022130006,5.8856611835437596,0.029389386235831504,37.82910998375027,37.82910998375027,37.82910998375027,0.7408999583039537,2.5842354312735303,2.8050718644748764,48.73654150318413,3,0,198,8,17,6,0,0.7019892589064908
37119,2019-06-29,75.246722640215,1,1086.9035292312033,32.93647058276373,33,190.8248908403333,5.78257244970707,2.968830906030621,33,7,0.29283213403043173,0.4228509634697176,2019,0,1.1326649532402122,0.0,0,1.1326649532402122,0.0,30.329109966537413,County_25,North Carolina,NC,606206,7.154733444664332,30.463490859385,17.95772336265295,28.148373381087666,5.481011451745228,20.032198303301758,49.15012675228542,41.021994711455555,13.508569381825213,13.218227872015255,24.457469050087496,29.0304893009629,20.098160618321135,3.782274313089068,58204,74.82145916879638,37.92323654239461,1.7419281701592852,6.113707512648053,0.1904047407131989,75.246722640215,0.0,0.0,4.040806889221229,7.011374071352842,4.640696987718712,63.679112029259635,4,0,0,0,20,5,3,0.10295466215479551
13143,2019-05-23,15.735479961289279,1,414.6600653606399,10.113660130747315,41,745.3319258509989,18.17882745978046,15.202423998703136,41,7,0.7570399509451119,0.5855820134442432,2019,0,-1.601037853197763,-0.0,0,-1.601037853197763,-0.0,24.89355223753615,County_195,Georgia,GA,903561,18.521088993165414,39.84378115279789,17.78480323298736,11.421340147854899,19.21426544477121,15.542675433540952,58.23552308751563,45.83716816729488,4.466688951983721,25.062161929772742,36.7801808482046,36.22101303205874,15.629193315966438,21.958045378502653,81317,27.759838768646595,20.433441412023573,1.327010471438516,1.2044098544366875,0.018169233964575936,15.735479961289279,0.0,0.0,5.201752624111028,7.200845931195269,4.0609247717414725,32.98283735908369,6,1,0,0,26,4,5,0.36762945614219683
12009,2020-04-30,45.52368347766673,0,899.4991328134641,25.699975223241832,35,1025.0702037614976,29.287720107471362,33.01520794727759,35,8,0.9488625548427708,0.14952700881469905,2020,1,-0.23268975818640555,-0.23268975818640555,0,-0.0,-0.0,1.09866269577318,County_157,Florida,FL,327358,10.92450506205767,47.307924360296866,23.963914544576824,19.7165609197202,18.064106559739372,32.91098662449692,52.09864698153685,46.06327918871946,4.5827882658169425,18.50753662170407,17.776959323797175,27.319981715751325,13.502227527788348,19.939949600010852,37025,70.94663664528426,21.003250308758815,0.8721450624906526,5.226982528524612,0.023097242436180998,0.0,0.0,0.0,2.6903596439416053,6.406618334309187,1.6679195691312017,24.123728341486245,3,0,190,8,16,5,3,0.5530382075335402
37020,2020-05-30,80.99877749695355,0,3887.774743373983,105.0749930641617,37,4424.914543662032,119.5922849638387,96.09906963518505,37,12,0.5742731150677747,0.3352830205289248,2020,1,1.3968908002702851,1.3968908002702851,0,0.0,0.0,61.841149770535644,County_125,North Carolina,NC,1187893,24.57773520230777,36.39167165634521,21.74060506349887,11.049314809404589,18.988690032649842,28.65666631248984,50.10092631997398,54.280457643411616,11.442509184710559,37.581381333346286,23.633995551891505,28.09078023414105,15.506094906050686,7.853074438986906,73266,37.935582999873134,53.31875732472509,1.298046811451699,1.0294826665085932,0.17914462287051655,0.0,0.0,0.0,3.8464525646504057,1.8054619339490676,5.275770464003735,44.96858553369414,9,1,182,10,26,6,0,0.7549628263177073
12020,2019-05-29,52.98454486279662,0,1215.4979550749638,32.85129608310713,37,1825.3734455808544,49.3344174481312,57.894037728189645,37,8,0.4854089420100546,0.8855970205679587,2019,0,0.11003166366346792,0.0,0,0.0,0.0,25.94535097280566,County_123,Florida,FL,2696964,22.089946076526815,23.727643811283553,17.01798907541791,21.165234517570884,14.664107047796701,26.299191050992594,50.6603696185914,41.62692997528331,11.099666254957167,26.51385860660439,34.843229341066376,26.865900942043172,5.6468061313546265,20.01492717615766,32946,39.08173790751516,24.76848693641199,1.8699696470608205,2.6786335810460953,0.1654103886462176,0.0,0.0,0.0,0.06886037426146707,7.367160847829049,3.4705874086166864,33.23638904916995,8,0,0,0,25,5,2,0.5440240012497547
13031,2019-06-24,46.53120531007325,1,443.984622138838,20.181119188129,22,176.06559074781583,8.002981397627993,7.656785118702749,22,3,0.7501271755902638,0.47654751341364954,2019,0,-0.18640833073147903,-0.0,0,-0.18640833073147903,-0.0,6.0604386130670616,County_187,Georgia,GA,828358,22.848198105981794,16.59751431051201,28.294675447403883,8.389142339560763,14.669230474193064,36.77898678849552,51.32551196805551,48.420910841892535,13.973080275976123,18.00105346187859,34.28730059646439,34.95250200520117,20.210564162059047,11.70978457632636,73805,64.44681143207669,52.73846290541413,0.19875462287141188,3.6572023437586263,0.17190785962607782,46.53120531007325,0.0,0.0,3.861973117875343,8.890395491704101,4.08437008985989,42.200835890002395,9,0,0,0,16,4,6,0.777771692142408
13194,2019-04-11,36.865886328971165,1,315.0935177319077,8.752597714775213,36,664.1758016745389,18.449327824292748,10.638251212266077,36,7,0.09709013989309001,0.7441432260434394,2019,0,-0.6303935078905113,-0.0,0,-0.6303935078905113,-0.0,1.5695058490467608,County_75,Georgia,GA,709175,10.030726703876553,37.04984602109594,26.0373948524477,15.84834482544114,4.916669057783825,19.999039136667353,57.14962546159559,49.08938639969385,11.107202669888334,24.538109897148242,22.11901471313525,36.88619152700448,20.30287376667597,19.836967115008243,60315,52.152573575883736,68.64217987585258,0.48742205435066444,0.4413424072008245,0.14209562896498287,36.865886328971165,0.0,0.0,1.3108846831393226,4.124873355457867,4.872178622011284,42.44609297734504,5,0,0,0,17,5,1,0.837771866986445
12146,2019-05-17,20.173884090333267,0,3307.287439447528,78.74493903446495,42,4027.621336004664,95.89574609534914,82.1337909785622,42,4,0.42821208748488515,0.4847785064963399,2019,0,-1.397155741558207,-0.0,0,-0.0,-0.0,29.084670024300614,County_33,Florida,FL,1085246,23.424386887013654,45.396328192647786,16.696192716928717,17.937780893851045,16.129824396026542,21.92733952657736,58.47270211952193,50.78985016656807,15.392449943098017,16.87982816421273,29.929432842903296,32.09758209067049,9.418237896888474,9.429175992208991,78170,58.577445086906025,32.19082801129188,1.7206008069414818,1.181669609663635,0.22270780217448144,0.0,0.0,0.0,1.4122292621127852,5.902792870413651,4.7436665304613905,35.985095731199266,4,1,0,0,20,6,3,0.26586314202488587
45133,2020-06-03,30.7140534619259,0,1055.594349700459,28.529577018931324,37,290.0310753260864,7.8386777115158495,7.736241831609006,37,11,0.49882459493206066,0.4649825764004636,2020,1,-0.9129835197326669,-0.9129835197326669,0,-0.0,-0.0,13.72687720036506,County_183,South Carolina,SC,2420369,13.09460670148877,18.24315943749592,33.98037842831118,12.34200092803964,7.960515011974223,40.75972398079252,56.81830495636323,49.942284401969246,7.772615706813065,16.361881277747553,34.49552377427139,31.978082100154438,15.052727723890138,14.987047209221174,53520,47.69555513126928,7.9101206444545795,1.561278690602214,1.9707010899312636,0.29765656090946957,0.0,0.0,0.0,0.04956707316003639,1.721443436667418,5.36803733058529,43.85725533440351,9,0,198,10,27,6,2,0.6164820749889514
37140,2019-05-02,21.33208869558099,1,262.8237575887601,8.760791919625337,30,903.9953889094729,30.133179630315766,16.445432303079812,30,3,0.8310513103983777,0.6219255250835041,2019,0,-1.3439525645236212,-0.0,0,-1.3439525645236212,-0.0,1.1105574633614386,County_21,North Carolina,NC,1481574,30.96552472956185,29.51742110468576,21.26368728067132,10.047617115530658,12.625439930830922,44.91613186114026,56.783194687865276,41.1139529121352,8.775056876857603,20.01969410400332,31.871304255371008,28.2400579154108,8.230643906237994,10.777042464945877,72836,90.88229231839779,48.32480017438997,1.9885134431143816,0.9800420744759063,0.08273437391710668,21.33208869558099,0.0,0.0,7.660186226716176,10.272231470613791,1.8438862361802633,38.86713838584538,7,0,0,0,24,5,4,0.5575532671033022
45007,2019-06-16,23.86896008007998,1,62.759401009178944,15.689850252294736,4,131.01997835348396,32.75499458837099,24.279792784689302,4,10,0.8142176602312994,0.25936451218961754,2019,0,-1.2274190809129195,-0.0,0,-1.2274190809129195,-0.0,5.464641400682346,County_132,South Carolina,SC,1648710,24.025959239924163,47.961595486750696,36.15037726883794,6.925786694794071,21.11709077411672,37.27793628994546,47.786211553376454,49.846007427726164,15.732095998035,14.249043943068402,28.826476332524184,22.199739993143947,13.759548713607343,6.31654379153979,75818,46.47395870548655,1.6761352503794797,0.627817630144385,6.545264278223698,0.09703190019448453,23.86896008007998,0.0,0.0,10.244121514543224,1.65014745830936,1.21754301929282,26.31378882874821,8,1,0,0,27,6,2,0.22808993540221292
28043,2020-04-05,26.446158088838885,0,269.55321826020804,12.252419011827639,22,458.5653362082886,20.843878918558573,20.884665056441275,22,2,0.8482653598499812,0.24980209930624997,2020,1,-1.1090331573101935,-1.1090331573101935,0,-0.0,-0.0,430.1030476308157,County_53,Mississippi,MS,2109640,20.350699192621335,33.05701785913138,35.493849916239164,22.772041416621754,19.47700018920933,15.465768016311824,48.76149300467158,45.51343115579625,5.290290920461338,16.65942610732672,18.356663520320495,24.783001581177174,17.332627825990294,15.469556332046018,48895,63.3171774572785,56.87725001033307,1.8897727942770903,2.0894023978011025,0.09691486270296441,0.0,0.0,0.0,6.837001169373729,2.687959620016594,4.849667235383238,61.73610824807166,2,0,199,9,18,4,2,0.49038821114759457
12159,2020-04-09,36.14206024589949,0,109.29754055240603,27.32438513810151,4,3365.044614810953,841.2611537027383,513.1272016790226,4,15,0.6978729278677018,0.989353854891609,2020,1,-0.6636431142773519,-0.6636431142773519,0,-0.0,-0.0,7.549280680670924,County_185,Florida,FL,1933538,27.545062259604247,23.502379812812165,24.55012577681256,7.71191604784385,7.047273392267947,11.393413654390045,53.34468852781339,51.820165458869226,13.550858238355355,39.14140618986266,16.606059236552397,24.35901367344375,20.037147596886275,19.269108399490573,65399,84.24182222123662,38.32137130974901,0.6873776625900083,3.5580844851115048,0.22898068389175572,0.0,0.0,0.0,1.0582225712070061,3.634023995900367,2.0339021533269337,53.959864578220625,8,0,181,11,26,6,4,0.5490197162841487
13093,2019-06-11,15.771167599687482,1,207.86664576391084,34.64444096065181,6,121.08366075627275,20.18061012604546,15.011103237863356,6,10,0.5305558071848376,0.8689920093192223,2019,0,-1.59939850922085,-0.0,0,-1.59939850922085,-0.0,2.8163401625586113,County_194,Georgia,GA,1620912,20.322104192705105,28.024318000140845,20.02847268964337,11.17953895326805,16.864687006155723,15.15900076286628,54.18592378817836,43.637115405899785,4.138824575925284,31.00407904092386,28.521687955964342,23.854112045008588,10.42747077225075,19.321463865665425,55966,71.50011442147502,35.7709864846145,1.4301863823709864,6.976086241687234,0.10440465033711845,15.771167599687482,0.0,0.0,10.886143943317546,9.17079751141123,1.2449316455738733,22.941516654992505,5,0,0,0,27,4,4,0.8175225353306588
13102,2020-04-11,81.51007199152734,1,379.22125191920946,21.06784732884497,18,1022.5859562107696,56.81033090059831,55.84098904807058,18,3,0.8278793213433822,0.7377548964496445,2020,1,1.4203775757401513,1.4203775757401513,1,1.4203775757401513,1.4203775757401513,1.9916319680564674,County_95,Georgia,GA,1518871,19.371496536163868,29.876745250623415,33.366759675664895,12.433445409262488,4.529769624204616,23.48769323589296,47.83787522824514,51.02687912768051,9.838158992840228,38.63307990371797,26.00606464516038,32.464757056854324,16.096084208684182,10.194656621342602,54458,48.626055447775286,41.4303934010158,1.765485895243173,4.0098344708255835,0.20302112027479519,81.51007199152734,81.51007199152734,81.51007199152734,10.731436879641647,7.856887165274727,1.353043703261152,26.441961987751398,7,0,196,17,22,5,3,0.461528385267638
47150,2020-05-08,23.66733648738822,1,1187.2878098139065,51.62120912234376,23,303.6673538876309,13.202928429896996,13.769051930187263,23,15,0.8732824152552696,0.13714453905553325,2020,1,-1.2366808431678145,-1.2366808431678145,1,-1.2366808431678145,-1.2366808431678145,73.97510949580268,County_107,Tennessee,TN,1444424,11.170205672939868,19.98784349017093,22.94828851569383,15.722270315430762,3.021478472008636,16.231184082157892,55.44794621845124,49.75693467164685,5.840828048424093,18.705408244033514,20.236806514092656,24.18158323798076,16.46283382955487,13.930370673334044,73586,64.0132577855769,37.66500661936483,0.3415641905167235,2.9393208474453845,0.13376626710357864,23.66733648738822,23.66733648738822,23.66733648738822,5.1505798922323764,0.5736515990325766,2.5332008053468416,25.53618012346513,8,0,192,10,16,5,1,0.0818350664934735
12015,2020-04-25,41.82042106517109,1,823.2485058814052,31.66340407236174,26,1621.9657660163296,62.38329869293575,53.83418262348267,26,9,0.4804845926588137,0.03022471118476666,2020,1,-0.40280246957162086,-0.40280246957162086,1,-0.40280246957162086,-0.40280246957162086,22.244334265895073,County_91,Florida,FL,496382,22.63091187846105,38.46693629084598,18.59811528276856,22.671923587401874,3.0493983582462736,42.14060477480846,47.799489740874215,50.13207239458465,11.18634044473678,36.71040007402772,21.440935489098543,23.37014324058751,8.53838081863586,19.566907767456986,43752,32.560405457592736,23.98818629751761,0.4112773100704006,6.515567600877567,0.18234140010690375,41.82042106517109,41.82042106517109,41.82042106517109,1.1865614024692552,2.4273962451738105,6.946615812320093,23.9019467094149,1,1,226,10,17,6,0,0.48780866227397496
37159,2019-06-02,76.56692918003463,0,2836.372311286188,63.03049580635974,45,4236.986676207044,94.15525947126764,110.14284789397486,45,10,0.9856619078887716,0.17541250419709298,2019,0,1.1933098357955005,0.0,0,0.0,0.0,46.04737915684206,County_85,North Carolina,NC,1124562,14.740755134485998,36.133587189144194,27.135369748016707,14.982463770303752,5.819806442251242,33.15819316893017,48.6821490522518,43.46326761922576,13.578039636493937,21.868184205619517,23.62591789843102,28.121304104989733,15.064514103894275,3.2534446740195895,38221,63.56098898141538,20.987132587226174,1.1619172960646933,1.635234512029599,0.24870461184146975,0.0,0.0,0.0,7.928132406119249,8.37658738151497,1.5221921234660525,23.775668464505742,1,0,0,0,15,4,4,0.8381129934320563
1136,2020-04-01,22.459757913353357,1,886.7386597957848,23.335227889362756,38,621.4337545395986,16.353519856305226,18.769451529267563,38,1,0.8748181249791787,0.93773096450752,2020,1,-1.2921520581556085,-1.2921520581556085,1,-1.2921520581556085,-1.2921520581556085,10.202582446959894,County_187,Alabama,AL,2288568,6.120148323115389,38.02257784742963,25.766853739427845,27.390621400193535,16.05149384082896,23.25244054653755,49.29513753174255,50.36843601865447,4.396507628208248,15.32584943367457,25.901458746695123,25.984362607486375,15.486740627004426,3.653431665919787,56981,55.903068919687314,30.486119704296556,1.6876495400710283,1.3385551117870849,0.15421760626626171,22.459757913353357,22.459757913353357,22.459757913353357,10.57615024931781,4.74026215550853,2.440487654940041,28.384279648001414,1,0,225,10,25,4,2,0.5716841968752181
